Timestamp,CAN ID,DLC,DATA[0],DATA[1],DATA[2],DATA[3],DATA[4],DATA[5],DATA[6],DATA[7],Flag
0.003715,0140,8,96,6E,BF,C8,E5,E4,E9,D1,R
0.007514,0316,8,12,42,E6,96,2E,F8,5E,4B,R
0.013651,0140,8,D6,1C,DA,89,52,D1,94,A8,R
0.019883,0260,8,F1,D0,74,6D,BB,10,08,08,R
0.024148,0140,8,42,3B,63,CA,F0,13,E6,DB,R
0.026635,0316,8,DE,92,22,ED,9A,78,B9,44,R
0.033499,0430,8,2D,4B,A5,66,1C,2C,21,16,R
0.034692,0140,8,99,CC,FD,20,E3,20,BB,C4,R
0.039120,0260,8,63,BD,24,2A,B0,AF,46,34,R
0.043353,0329,8,CF,FE,AA,DC,B7,BB,B5,5E,R
0.044241,0140,8,02,C0,02,58,0F,8F,CA,3F,R
0.045892,0316,8,85,82,6E,E7,7B,1B,6B,CF,R
0.053823,0140,8,B0,AB,75,6B,4F,3B,16,0D,R
0.058837,0545,8,BD,1E,2F,AD,EF,04,5F,5E,R
0.059427,0260,8,4F,9B,52,30,0D,3B,0D,65,R
0.063729,0140,8,95,B7,4D,E2,2B,8F,71,F9,R
0.064945,0316,8,11,3E,C1,79,2F,3B,36,AF,R
0.073382,0140,8,B2,B3,AD,B9,C1,58,3E,67,R
0.080262,0260,8,72,2C,A8,EF,42,B2,7D,A0,R
0.084377,0140,8,81,85,14,FB,8A,D2,CE,09,R
0.084632,0316,8,D1,DC,91,8F,2C,54,EA,FA,R
0.093348,0329,8,3A,0A,30,A5,D7,73,5A,A7,R
0.094763,0140,8,E9,05,B1,FA,43,1F,88,79,R
0.100002,0260,8,B6,E9,64,21,66,2A,AB,1A,R
0.104029,0316,8,1A,FB,89,EF,08,E9,1B,AD,R
0.104714,0140,8,C7,15,FA,36,8C,3A,77,EE,R
0.115406,0140,8,A4,6B,46,68,E5,CA,EB,0F,R
0.120838,0260,8,24,DE,2D,0D,B2,33,D7,1F,R
0.123194,0316,8,C3,CC,58,28,41,D6,D8,5C,R
0.125783,0140,8,EB,4E,D1,A1,A7,0E,69,9E,R
0.133644,0430,8,50,5C,28,98,5C,4C,31,DF,R
0.136723,0140,8,EA,89,25,24,EC,1F,FC,52,R
0.141126,0260,8,22,F1,78,C1,AA,51,0E,24,R
0.143516,0329,8,51,20,F3,76,A7,D2,FA,90,R
0.144191,0316,8,B1,0F,32,83,F5,94,4D,FD,R
0.146260,0140,8,0E,48,C6,44,1B,B0,2E,24,R
0.156650,0140,8,8E,3E,4A,38,29,72,72,AD,R
0.158280,0545,8,9C,66,41,F7,CA,37,C1,11,R
0.160457,0260,8,6A,E5,ED,BC,FE,C7,F9,E0,R
0.163335,0316,8,33,81,C4,08,62,4D,63,C0,R
0.167202,0140,8,04,AC,B6,41,87,2E,E5,1E,R
0.176967,0140,8,44,D5,5E,91,7F,76,2D,25,R
0.181294,0260,8,65,78,D5,1B,FD,BB,C4,43,R
0.182552,0316,8,CC,23,6F,6D,1C,71,1A,0C,R
0.187552,0140,8,D1,5E,F0,F4,98,73,4A,03,R
0.194428,0329,8,98,DE,D2,FA,38,F7,E0,0F,R
0.198160,0140,8,FB,C0,DD,6A,64,AD,DF,28,R
0.201674,0316,8,52,A3,AA,78,B8,13,54,33,R
0.201690,0260,8,64,7D,2D,9E,EF,E8,33,CD,R
0.207604,0140,8,EF,77,3C,F6,5E,4D,04,0F,R
0.217689,0140,8,05,5D,24,9E,46,37,42,55,R
0.221321,0260,8,DB,CC,45,73,BA,C5,0C,0C,R
0.221642,0316,8,23,DD,28,1A,00,89,59,84,R
0.227056,0140,8,32,13,11,80,1B,15,4A,8C,R
0.233991,0430,8,02,F3,2E,F0,30,88,E7,B3,R
0.236287,0140,8,51,93,9A,AF,17,35,8F,62,R
0.240977,0260,8,1B,16,22,B3,D7,6A,BB,B0,R
0.241287,0316,8,34,14,51,4C,C6,DB,3B,36,R
0.244341,0329,8,58,72,57,4D,24,E6,8E,A5,R
0.246660,0140,8,79,1D,58,DE,9D,8C,92,8B,R
0.256540,0140,8,3F,5D,55,79,32,D1,B8,DF,R
0.257656,0545,8,4E,50,39,8E,E8,73,03,B8,R
0.260510,0260,8,AC,B7,84,27,52,BE,D4,AA,R
0.261169,0316,8,D8,54,64,84,75,96,D1,F9,R
0.266091,0140,8,37,E5,9C,19,25,48,7C,80,R
0.276543,0140,8,E1,FC,22,8F,AF,2D,60,64,R
0.280751,0260,8,4F,CC,40,0C,65,BF,B3,3D,R
0.281162,0316,8,A7,CC,93,6D,34,9F,98,30,R
0.286666,0140,8,C7,E6,B1,04,62,70,11,75,R
0.294229,0329,8,A6,B4,C7,F2,62,5B,02,38,R
0.295966,0140,8,0C,47,FB,0B,AC,FA,A6,FD,R
0.300217,0260,8,7C,ED,C6,75,A9,9D,DB,43,R
0.301636,0316,8,56,14,92,57,1D,A7,30,C7,R
0.305014,0140,8,1E,37,53,06,CA,7C,D5,95,R
0.315313,0140,8,01,C0,19,31,3C,A9,55,BE,R
0.320580,0260,8,DD,E8,D6,BE,40,49,75,CE,R
0.320894,0316,8,9D,7F,0D,2D,A6,E0,22,50,R
0.324973,0140,8,4D,B9,51,DA,E4,F1,78,FA,R
0.333338,0430,8,2E,FF,CD,7E,23,C1,74,CF,R
0.334411,0140,8,65,1F,60,6B,B3,7C,96,B0,R
0.340051,0260,8,FC,0E,F2,70,ED,F2,49,86,R
0.340763,0316,8,BE,A4,D8,08,44,1F,5D,F1,R
0.343355,0329,8,BA,73,9E,65,AB,DD,EA,F0,R
0.344693,0140,8,94,EA,78,A5,FF,89,B4,AE,R
0.354150,0140,8,8C,1D,B7,C1,A4,6D,35,EA,R
0.358529,0545,8,1A,BE,ED,8C,D4,70,C2,9C,R
0.359978,0260,8,91,5C,1C,D3,71,59,9B,14,R
0.360668,0316,8,D1,4B,EA,88,B2,97,FF,F6,R
0.364110,0140,8,A0,19,6A,2D,F2,DA,A2,72,R
0.373301,0140,8,17,5F,25,C1,27,E2,15,5C,R
0.380465,0260,8,BC,F1,C3,83,92,2A,C9,1A,R
0.381139,0316,8,8B,3E,A2,49,09,98,52,92,R
0.384301,0140,8,EC,51,F4,CC,63,57,7D,9A,R
0.394148,0329,8,47,AA,FB,B4,69,F2,53,D0,R
0.394954,0140,8,4C,21,64,1B,D1,09,E6,4F,R
0.399570,0260,8,21,F2,D6,BB,A5,BA,5D,64,R
0.401364,0316,8,69,C8,23,31,5F,35,34,06,R
0.404730,0140,8,8A,66,C8,3B,6F,37,2E,9F,R
0.415328,0140,8,B6,60,86,A9,71,35,AA,FE,R
0.418775,0260,8,9B,37,FF,E0,47,F8,C3,7A,R
0.422148,0316,8,43,D4,0A,BD,D7,3D,0B,BF,R
0.426214,0140,8,2C,50,9D,85,2A,EA,34,5D,R
0.433919,0430,8,F2,ED,32,93,07,B1,72,AC,R
0.436749,0140,8,43,74,57,FB,6E,97,CA,7B,R
0.438064,0260,8,BA,AE,54,AE,3D,33,FF,EC,R
0.442086,0316,8,FF,D6,EE,5B,BC,B8,7E,52,R
0.444640,0329,8,B8,E2,2F,99,5B,EC,44,85,R
0.446220,0140,8,59,3F,E3,64,DD,FD,18,E9,R
0.456113,0140,8,B5,F6,FF,10,1D,72,CD,52,R
0.457448,0260,8,D0,7C,85,C7,20,90,D0,F2,R
0.457912,0545,8,1C,CC,25,48,0A,9E,B3,17,R
0.461261,0316,8,1E,97,99,AA,5F,4B,27,E5,R
0.465486,0140,8,1B,FF,2F,33,CC,52,C1,D6,R
0.475412,0140,8,7F,C0,47,4F,C8,5A,B9,F6,R
0.477756,0260,8,33,D1,8C,41,59,F7,0C,14,R
0.480905,0316,8,83,D4,E2,45,20,D4,7B,0F,R
0.485113,0140,8,1A,51,2F,0C,CB,EA,8A,4C,R
0.494857,0329,8,83,45,AE,73,82,5B,28,6D,R
0.495031,0140,8,7A,07,E8,67,86,EA,3C,2F,R
0.498016,0260,8,76,CD,87,EE,BC,AA,B9,FD,R
0.499926,0316,8,DB,41,2F,CE,3D,48,70,49,R
0.504739,0140,8,E1,33,92,6F,DF,62,D0,AE,R
0.514911,0140,8,73,66,DB,F5,AF,86,5F,B0,R
0.518303,0260,8,A3,05,24,E1,40,F9,1C,31,R
0.519757,0316,8,34,07,9A,C1,E3,F4,9B,1A,R
0.525759,0140,8,73,AA,31,0B,D4,FE,CD,B4,R
0.533676,0430,8,DC,EF,10,0D,E5,89,8B,A9,R
0.534831,0140,8,09,BB,52,15,58,D5,95,03,R
0.537402,0260,8,1A,A3,DE,11,0B,42,B7,AD,R
0.539625,0316,8,C3,EF,5B,18,52,91,0E,E3,R
0.544672,0140,8,F8,6A,57,A8,67,B8,80,41,R
0.544963,0329,8,8D,FC,F6,F1,43,33,67,50,R
0.554233,0140,8,33,6A,1C,E1,47,33,CC,A5,R
0.556797,0260,8,5B,4F,9B,37,72,51,63,CD,R
0.557319,0545,8,F1,63,43,9D,1D,C9,4B,ED,R
0.560159,0316,8,34,FC,58,49,E6,B8,44,3F,R
0.563941,0140,8,BC,62,98,99,4D,62,5B,0D,R
0.574618,0140,8,06,3A,84,2C,72,C5,F2,F2,R
0.576293,0260,8,65,B3,EB,75,37,95,01,36,R
0.580204,0316,8,82,70,64,88,4A,56,5D,CB,R
0.584147,0140,8,B8,B7,75,88,1E,85,79,79,R
0.594045,0140,8,5E,66,DB,49,E7,3B,E6,9E,R
0.594411,0329,8,82,D6,50,CA,56,09,5D,E1,R
0.596172,0260,8,92,7B,41,F4,39,9F,2C,B3,R
0.601021,0316,8,FC,74,82,9A,28,6A,85,AA,R
0.604815,0140,8,EC,40,7E,0F,AB,5C,FC,C6,R
0.615630,0140,8,EE,F8,25,F9,E3,A0,62,FF,R
0.616520,0260,8,CE,24,3D,72,7E,3E,60,24,R
0.620740,0316,8,23,DF,C8,DF,18,58,30,1F,R
0.626615,0140,8,6C,9B,CF,DC,33,C2,FE,55,R
0.634492,0430,8,C2,39,8C,01,D1,DA,3C,2F,R
0.636398,0260,8,23,80,EA,45,E3,5F,7C,18,R
0.637514,0140,8,69,38,12,A6,B9,C1,AC,94,R
0.640531,0316,8,69,0F,CA,F7,48,90,9B,C7,R
0.643688,0329,8,60,C5,A3,10,DF,92,46,B1,R
0.646695,0140,8,A6,23,8F,D1,14,E7,3A,56,R
0.656752,0545,8,85,50,D0,32,13,A8,B3,D8,R
0.656996,0260,8,5B,16,AD,64,43,EA,AF,4C,R
0.657170,0140,8,A0,F1,3C,DB,E6,F7,53,FA,R
0.659650,0316,8,FD,F8,E9,C7,CB,26,E7,1C,R
0.666429,0140,8,E3,0F,6B,6A,0D,A7,9D,0F,R
0.676207,0260,8,EE,BC,4E,45,F3,E6,A9,9F,R
0.676892,0140,8,EC,BF,31,F4,2D,79,C6,E8,R
0.679601,0316,8,1A,34,B5,A0,F9,71,B5,B4,R
0.686784,0140,8,D2,A5,EF,01,A5,27,4A,ED,R
0.692917,0329,8,2F,0C,C0,F5,F4,7F,25,BB,R
0.696659,0140,8,12,EB,64,03,BC,4D,88,D5,R
0.696778,0260,8,A8,B2,F6,34,09,70,3C,7D,R
0.699052,0316,8,99,FC,68,19,D6,D9,2C,89,R
0.706980,0140,8,52,62,D5,87,CF,DF,A2,5E,R
0.716109,0260,8,D9,73,A9,DF,F5,B7,16,13,R
0.717716,0140,8,EE,4B,16,63,17,61,EE,CD,R
0.718887,0316,8,79,91,96,90,0D,43,98,28,R
0.726776,0140,8,91,B4,A2,C3,16,17,84,05,R
0.734794,0430,8,E5,34,28,06,E6,4A,1D,29,R
0.735604,0260,8,E6,80,D2,74,85,B8,AB,6D,R
0.735994,0140,8,3B,0E,C0,BE,2A,47,11,56,R
0.739395,0316,8,17,4C,12,47,4C,17,27,84,R
0.742240,0329,8,40,41,2F,AD,21,00,1B,59,R
0.746163,0140,8,49,98,48,57,C9,33,8F,D4,R
0.755362,0140,8,F5,2A,9D,CD,9A,B6,D3,4F,R
0.756529,0260,8,B7,DF,42,AC,07,32,14,E9,R
0.757741,0545,8,2E,19,1A,6E,64,D9,9D,EA,R
0.759571,0316,8,48,18,DB,56,F5,DC,59,55,R
0.764705,0140,8,F0,A2,64,28,48,9F,55,EC,R
0.773800,0140,8,5A,7C,E4,74,CB,D8,A4,65,R
0.776631,0260,8,A1,AB,8F,9A,BD,42,73,14,R
0.780123,0316,8,75,A8,8D,36,F2,DB,00,C7,R
0.784099,0140,8,E2,E1,0E,35,68,EB,A0,18,R
0.793166,0329,8,D5,C8,0B,44,B3,D8,61,4D,R
0.794898,0140,8,A9,DC,95,9F,77,90,35,63,R
0.796876,0260,8,D9,54,7A,8F,FC,AE,FE,FE,R
0.800319,0316,8,D8,11,26,A1,E4,49,BB,7E,R
0.804708,0140,8,92,45,8A,D6,3A,D8,26,81,R
0.814592,0140,8,BE,E5,6E,BA,2D,00,63,85,R
0.815879,0260,8,F7,92,41,60,77,70,9E,89,R
0.820230,0316,8,15,8A,71,6A,9A,7A,89,BF,R
0.824699,0140,8,21,94,C0,43,B2,4E,EC,19,R
0.833812,0140,8,A5,2A,9D,9E,48,40,F0,83,R
0.834187,0430,8,0A,BE,15,EC,E7,60,5E,96,R
0.836660,0260,8,40,11,81,F7,97,6F,3C,40,R
0.839388,0316,8,54,A2,CE,55,AD,A3,40,96,R
0.843138,0140,8,B7,F5,CD,B9,22,04,70,38,R
0.843927,0329,8,07,51,15,E3,18,A5,22,DC,R
0.853304,0140,8,EE,C6,FA,DD,84,9E,A1,B4,R
0.856852,0260,8,F2,DA,E0,62,E2,3B,FE,EC,R
0.858586,0545,8,6B,58,3A,1F,58,F1,30,28,R
0.859276,0316,8,20,FB,4A,A7,CE,F2,EF,42,R
0.863758,0140,8,05,AD,1B,D9,16,88,E5,90,R
0.874327,0140,8,5D,BB,28,BD,06,F6,EB,E5,R
0.876033,0260,8,E7,10,40,C7,18,45,F5,D4,R
0.879127,0316,8,1E,EA,F7,A0,67,0F,DA,32,R
0.883568,0140,8,FB,4A,B0,DF,39,9D,50,0F,R
0.893465,0140,8,0C,A9,15,C0,51,83,DB,BF,R
0.894029,0329,8,BF,F7,5C,02,23,FA,52,3B,R
0.895800,0260,8,17,53,5B,52,F6,71,D0,F1,R
0.898426,0316,8,B3,6B,A4,96,27,85,19,71,R
0.904355,0140,8,A9,34,2E,FF,AD,D6,D3,EF,R
0.913596,0140,8,BA,F2,63,D9,E6,C4,8B,68,R
0.916800,0260,8,07,09,4B,49,03,D0,0D,78,R
0.917807,0316,8,BA,66,24,D1,A4,4D,9C,49,R
0.924256,0140,8,87,38,96,63,57,D6,5F,0A,R
0.933319,0140,8,79,28,0E,EA,09,27,9E,73,R
0.933829,0430,8,20,5F,FD,1A,90,D5,7B,F2,R
0.936252,0260,8,F4,BF,2C,83,C1,20,11,20,R
0.937726,0316,8,29,A1,37,5C,E1,B2,3F,C4,R
0.942690,0140,8,F4,51,B5,31,E9,FA,49,C9,R
0.944427,0329,8,06,A7,AC,60,5E,8F,B0,E6,R
0.952470,0140,8,90,72,E0,4C,E1,AD,BF,22,R
0.957245,0260,8,3C,AE,86,98,78,8B,39,B9,R
0.957988,0316,8,D5,D5,73,8B,FF,2B,C5,E5,R
0.958750,0545,8,DF,36,5D,5D,F0,70,18,5D,R
0.961946,0140,8,C6,66,0A,08,12,42,10,4E,R
0.971647,0140,8,3E,BE,EA,97,4E,81,08,AB,R
0.976941,0260,8,3A,5B,7C,C4,15,F2,D3,CC,R
0.977140,0316,8,ED,D4,50,1B,90,6C,C9,B3,R
0.982487,0140,8,2D,9B,1E,11,3C,0D,40,93,R
0.993067,0140,8,63,86,64,66,0D,E6,1F,6C,R
0.994416,0329,8,F5,20,84,2D,59,12,95,54,R
0.996696,0316,8,CA,2F,08,1C,C8,C3,67,E9,R
0.997415,0260,8,74,A0,76,4D,83,73,9B,E0,R
1.002607,0140,8,1F,EF,8D,76,E2,26,04,4A,R
1.012124,0140,8,FB,80,C2,9F,48,4E,2C,D8,R
1.016498,0316,8,52,9C,7B,CE,8B,57,6D,EE,R
1.016617,0260,8,12,82,29,89,F8,1C,D0,90,R
1.022675,0140,8,16,58,3E,F7,C1,DB,03,F1,R
1.032336,0140,8,03,87,E3,91,CA,14,3E,AE,R
1.033877,0430,8,A0,B7,52,AC,00,F1,ED,FE,R
1.036848,0260,8,D6,26,4E,1B,46,F0,80,6C,R
1.037133,0316,8,EF,11,4C,E7,6A,3A,DC,47,R
1.041912,0140,8,8B,DF,A9,9E,03,E7,BC,1F,R
1.043541,0329,8,27,C1,49,01,76,48,4A,89,R
1.051325,0140,8,72,1B,96,B1,DD,B1,3B,73,R
1.057307,0316,8,39,66,6F,18,3D,A7,77,49,R
1.057620,0260,8,30,76,61,DF,0D,92,0F,A2,R
1.058297,0545,8,11,14,9F,CE,C0,59,7E,B7,R
1.060664,0140,8,E7,AA,02,23,CC,E0,44,12,R
1.071291,0140,8,07,3D,CD,3B,93,C8,35,C6,R
1.077135,0316,8,E6,21,78,CD,47,CE,43,BE,R
1.077203,0260,8,19,7D,C9,04,15,03,BC,44,R
1.081171,0140,8,66,9E,EB,95,91,BD,2B,21,R
1.091963,0140,8,86,E9,B5,22,4E,D2,E3,6E,R
1.093648,0329,8,85,03,D2,CC,18,C3,58,92,R
1.096269,0260,8,4E,4E,9A,A4,A6,62,F5,7E,R
1.096299,0316,8,E4,D1,38,C5,0E,7B,75,2E,R
1.102739,0140,8,85,9C,F4,19,03,D2,5B,59,R
1.113488,0140,8,A2,9E,61,E3,B0,12,D9,A8,R
1.115728,0260,8,0E,EE,D7,D8,F5,64,E8,69,R
1.116302,0316,8,FB,1D,DC,04,E7,C2,05,97,R
1.122513,0140,8,6F,9D,A6,AC,97,FF,E7,64,R
1.133185,0140,8,EE,D1,DF,31,1C,0A,D1,D1,R
1.133241,0430,8,93,32,CB,5A,02,46,EC,0F,R
1.135739,0316,8,2A,D4,D3,F5,9E,6A,B5,AA,R
1.136428,0260,8,C6,48,B0,EE,D3,DF,77,BA,R
1.143287,0140,8,F6,3D,51,18,F4,A6,C9,F5,R
1.143470,0329,8,2F,CB,91,86,86,01,6C,F2,R
1.153090,0140,8,7B,C8,4A,3A,B6,A0,68,D7,R
1.155145,0316,8,68,80,FB,4B,2A,2D,3A,3C,R
1.155567,0260,8,92,A0,D0,1D,32,7A,33,50,R
1.157558,0545,8,82,38,42,ED,E5,52,49,A1,R
1.162579,0140,8,F0,53,B5,55,6E,07,2A,68,R
1.173286,0140,8,50,58,F2,D0,2F,78,77,0F,R
1.176088,0260,8,87,E2,F7,46,64,80,E1,4E,R
1.176129,0316,8,B6,B8,BC,CC,EE,F6,96,E4,R
1.182861,0140,8,23,74,25,1B,C5,C5,BA,2E,R
1.192902,0140,8,15,AB,02,0C,75,4A,D7,9D,R
1.194285,0329,8,83,19,BF,29,F6,63,D1,E0,R
1.195146,0316,8,11,D4,4E,F4,C8,88,A5,90,R
1.195436,0260,8,45,57,55,82,CF,23,42,2E,R
1.203268,0140,8,96,ED,EC,A2,68,EC,CA,09,R
1.214178,0140,8,D4,E8,F8,9A,B9,FE,A9,2D,R
1.215357,0260,8,9E,77,8A,17,4C,E5,57,03,R
1.215506,0316,8,52,AF,FD,47,19,BB,88,0D,R
1.223560,0140,8,51,D0,13,ED,67,8D,35,9A,R
1.232733,0140,8,FA,79,56,44,FD,2C,F5,9F,R
1.233835,0430,8,1A,72,43,11,43,A6,D8,95,R
1.235744,0260,8,B0,65,F1,20,FE,A4,C6,3D,R
1.236226,0316,8,45,85,C2,46,47,98,9B,9C,R
1.242449,0140,8,91,35,B8,97,08,53,87,B3,R
1.244860,0329,8,FF,17,17,29,72,5D,3F,DF,R
1.252962,0140,8,9A,77,BA,3A,62,D6,6B,31,R
1.255356,0260,8,00,43,52,32,2A,B8,03,11,R
1.256051,0316,8,C1,88,FE,83,64,4E,B1,2D,R
1.257090,0545,8,50,6F,A4,B5,41,A4,05,74,R
1.262575,0140,8,53,F8,EB,10,70,E2,DE,32,R
1.272720,0140,8,88,A8,0A,C6,06,45,8E,20,R
1.275502,0260,8,3D,EA,92,5C,AF,07,97,D9,R
1.276313,0316,8,23,C7,89,EB,82,9D,E2,A2,R
1.283098,0140,8,BE,4C,ED,E7,D6,DA,C5,2A,R
1.292516,0140,8,20,CA,EC,67,1B,E3,1D,7D,R
1.294402,0329,8,F4,9E,7F,7A,56,3E,AC,76,R
1.295558,0260,8,EB,B3,33,89,CE,44,53,7E,R
1.296064,0316,8,AD,A4,2E,92,4B,92,72,0C,R
1.302208,0140,8,1F,21,66,BE,3F,2A,7A,3B,R
1.311727,0140,8,6B,87,E8,AB,35,32,0D,28,R
1.315723,0260,8,5A,4E,01,DD,4D,1F,AF,DA,R
1.315841,0316,8,BF,A3,CA,F3,6D,93,7E,0A,R
1.320897,0140,8,B1,26,64,F7,F2,F8,E3,EA,R
1.330228,0140,8,CF,AD,0B,51,A0,FD,F5,9E,R
1.332963,0430,8,EB,6B,8A,9F,E5,18,A8,02,R
1.335928,0260,8,0E,90,AC,C9,F9,D9,43,4F,R
1.335977,0316,8,EB,54,96,20,14,BF,0D,A0,R
1.339514,0140,8,59,E8,E1,C6,A0,23,04,B0,R
1.345251,0329,8,80,38,F8,54,BE,73,1A,12,R
1.349547,0140,8,63,F6,E9,8B,66,C9,F0,6F,R
1.355712,0260,8,E4,24,56,70,ED,B9,D0,D1,R
1.356885,0316,8,54,D4,52,D7,7F,7E,FB,E3,R
1.357983,0545,8,00,D3,5D,F6,78,FD,17,BF,R
1.359452,0140,8,47,9C,31,2F,7C,C9,63,A0,R
1.368807,0140,8,5D,7A,BD,B6,85,E7,DD,FE,R
1.376480,0260,8,39,A7,E9,7E,1A,88,38,FB,R
1.377856,0316,8,0D,5D,D0,A5,26,65,78,E4,R
1.378910,0140,8,27,58,2B,B9,19,9C,EB,DB,R
1.388263,0140,8,8C,49,FB,86,25,9E,51,98,R
1.394788,0329,8,44,91,20,D3,DE,C2,35,DA,R
1.395687,0260,8,DF,41,31,5D,5F,92,57,B4,R
1.396912,0316,8,E3,11,11,AB,7D,FB,CF,76,R
1.398976,0140,8,54,6B,37,4D,DC,03,46,F4,R
1.408903,0140,8,7F,9B,F9,15,D2,F6,95,1F,R
1.415424,0260,8,B6,41,B5,59,C1,11,14,FC,R
1.415953,0316,8,97,2A,14,FB,5D,B4,0C,3A,R
1.419839,0140,8,43,1F,97,B4,9C,83,7D,4B,R
1.429205,0140,8,0E,6A,FF,91,66,D1,CF,13,R
1.432898,0430,8,5A,58,CD,DC,29,F8,85,C1,R
1.435050,0260,8,E0,AD,26,E7,BB,EA,5E,F3,R
1.435509,0316,8,00,B6,2A,3D,23,CA,C0,C8,R
1.439346,0140,8,2B,4A,BF,4B,D9,34,9E,1D,R
1.443995,0329,8,CA,87,07,2A,51,3C,F1,34,R
1.448420,0140,8,AE,2C,19,ED,25,CD,AB,17,R
1.454725,0260,8,C1,F8,1A,95,2B,F0,B4,0E,R
1.456284,0316,8,1A,D2,5C,5B,3E,D3,02,49,R
1.457858,0545,8,5A,BF,96,12,3B,44,1D,2F,R
1.458320,0140,8,0D,98,50,D7,88,39,F8,1F,R
1.467940,0140,8,E4,E6,87,DC,B1,0D,26,34,R
1.475103,0260,8,9A,F5,E5,69,73,DD,66,15,R
1.476683,0316,8,29,D1,5F,01,B5,B4,1E,15,R
1.477355,0140,8,31,6A,E1,19,B9,7D,33,26,R
1.488307,0140,8,93,E0,20,19,C2,5A,7C,03,R
1.494720,0329,8,34,04,6E,2B,A5,57,F2,AB,R
1.495765,0260,8,BF,3A,A2,31,DF,E6,36,FD,R
1.497354,0316,8,89,C0,88,51,1D,EB,4C,93,R
1.497436,0140,8,ED,6F,02,EE,61,77,37,8A,R
1.507529,0140,8,BB,28,00,44,6B,DF,51,E1,R
1.515788,0260,8,A8,3B,CD,40,DE,17,AE,A1,R
1.517528,0316,8,82,59,CE,D8,96,6A,21,C5,R
1.518207,0140,8,E0,8B,B3,35,53,7C,DD,1C,R
1.527308,0140,8,A3,72,EC,04,4A,18,40,5F,R
1.533293,0430,8,34,33,38,32,33,9C,3C,1C,R
1.536188,0260,8,7A,59,A5,E8,C7,F7,1D,68,R
1.536995,0140,8,E5,56,C9,03,36,DE,B5,28,R
1.537164,0316,8,01,79,EE,CF,8F,C1,82,C6,R
1.544074,0329,8,E1,0C,B6,A4,C1,46,DC,BB,R
1.547510,0140,8,33,4B,27,28,99,2A,EE,0F,R
1.556222,0260,8,2B,9B,0C,27,34,CC,22,3F,R
1.557096,0316,8,25,44,18,55,FB,D2,EC,2A,R
1.557269,0545,8,46,B6,70,64,28,74,7C,81,R
1.558418,0140,8,DC,5B,62,E1,B9,72,26,F6,R
1.568338,0140,8,4D,08,18,90,4A,66,20,AA,R
1.576506,0316,8,DE,F4,77,6B,75,31,95,CC,R
1.577106,0260,8,E6,58,AF,89,11,61,F7,B7,R
1.578936,0140,8,F5,D0,3B,45,A8,DA,F9,33,R
1.588700,0140,8,06,28,FB,AE,F3,C0,68,58,R
1.594927,0329,8,61,28,D6,24,52,80,74,49,R
1.596366,0260,8,03,47,2D,20,AC,99,92,C0,R
1.596671,0316,8,E8,B2,0B,16,C8,74,B4,48,R
1.598700,0140,8,D9,99,1D,72,DB,9D,3B,D7,R
1.608553,0140,8,AC,7C,1F,D2,85,DA,98,38,R
1.615843,0316,8,19,69,10,AA,DA,22,0F,A2,R
1.616267,0260,8,EC,25,4D,A2,A1,35,18,BF,R
1.618250,0140,8,84,B3,17,27,9F,73,98,86,R
1.627902,0140,8,C3,AC,6B,AE,28,DA,99,EB,R
1.634255,0430,8,44,09,CA,16,0F,73,9B,39,R
1.634931,0316,8,BB,0B,6B,5F,CA,34,41,BE,R
1.635925,0260,8,04,58,7F,54,E3,C6,6C,5E,R
1.638088,0140,8,41,48,E2,26,98,79,FA,EE,R
1.644602,0329,8,0A,1F,D5,4F,6A,E8,29,1A,R
1.648034,0140,8,60,1F,1F,DB,F7,A7,8C,4F,R
1.655526,0316,8,CF,CE,98,FE,70,2D,AB,5B,R
1.656313,0545,8,A3,CF,65,5C,29,6E,5F,69,R
1.656609,0260,8,14,12,6C,5C,63,56,87,37,R
1.657099,0140,8,B8,0B,2F,5C,F9,ED,51,95,R
1.666459,0140,8,D5,07,37,53,D2,00,8C,68,R
1.675968,0316,8,A9,12,7F,9D,5B,82,7C,69,R
1.676556,0260,8,0F,5A,5B,33,85,69,5E,2A,R
1.677138,0140,8,C2,02,B7,B5,27,9D,46,5F,R
1.686812,0140,8,A0,76,98,57,60,6E,20,13,R
1.694798,0329,8,EA,BD,B5,D6,87,C3,E6,2C,R
1.696136,0140,8,04,A0,C0,49,AA,C5,C8,19,R
1.696301,0316,8,BF,A6,9A,18,1A,3B,2A,0F,R
1.697019,0260,8,CC,CC,B4,A2,1F,E3,19,61,R
1.706431,0140,8,45,98,50,7A,D4,31,E9,5A,R
1.716286,0316,8,22,0B,95,40,D7,4E,25,AB,R
1.716802,0140,8,79,AA,46,CC,73,79,37,F6,R
1.717410,0260,8,EF,9E,0A,01,84,81,79,06,R
1.727399,0140,8,A0,A7,6D,75,05,69,B0,5A,R
1.733931,0430,8,6C,37,F9,DF,79,E8,36,DB,R
1.736410,0140,8,4F,C9,DD,1E,30,28,E5,91,R
1.736459,0260,8,DE,89,3B,89,E1,80,E1,A7,R
1.737223,0316,8,C2,F6,36,B7,C2,40,97,91,R
1.743908,0329,8,44,6A,64,C5,EC,00,42,7B,R
1.746366,0140,8,19,85,74,0D,E8,15,37,FF,R
1.755491,0140,8,AF,E8,B6,37,E9,07,6B,CA,R
1.755602,0260,8,38,24,89,08,CA,33,9B,6A,R
1.756312,0545,8,FA,A6,66,2E,7A,69,56,99,R
1.757041,0316,8,6B,F1,91,F8,9D,B8,C1,3C,R
1.765607,0140,8,C3,1A,A0,EE,46,BF,74,E5,R
1.774876,0260,8,7D,F1,F6,BB,94,47,00,22,R
1.776292,0140,8,7A,FC,27,CB,79,4D,5E,91,R
1.776784,0316,8,A2,54,69,33,8F,A7,A7,B2,R
1.786892,0140,8,E6,80,AD,06,68,FE,72,00,R
1.794285,0329,8,D2,E2,46,AC,EA,08,83,25,R
1.794839,0260,8,13,B4,16,12,88,45,5D,53,R
1.796459,0140,8,30,F3,F5,D2,37,B8,CA,AF,R
1.797298,0316,8,37,52,C4,3A,6D,2B,02,39,R
1.807015,0140,8,A0,D0,10,5D,96,0E,F9,0F,R
1.814416,0260,8,83,18,57,C8,A9,CB,11,19,R
1.816621,0140,8,14,4F,13,A9,ED,3D,D2,6D,R
1.817749,0316,8,97,62,C7,1E,A8,5F,28,F0,R
1.827431,0140,8,90,96,CD,AA,6E,C2,73,E2,R
1.833758,0260,8,54,79,E3,B7,FA,DB,19,79,R
1.834351,0430,8,63,6D,BE,6F,50,7C,A2,92,R
1.837447,0140,8,6F,20,1C,EB,E1,6F,94,01,R
1.837864,0316,8,5B,03,3A,E1,2A,AA,75,AF,R
1.844843,0329,8,97,7B,58,25,E5,92,0D,88,R
1.846877,0140,8,11,95,9B,22,28,15,F3,48,R
1.854725,0260,8,82,B0,FC,66,1C,B5,A4,A7,R
1.855431,0545,8,DC,A8,79,A0,5C,5A,F7,01,R
1.856924,0316,8,27,C5,D8,0E,93,3C,3A,B4,R
1.857013,0140,8,DC,23,CC,B7,10,49,91,D6,R
1.867344,0140,8,1A,3B,B8,98,86,F3,A7,35,R
1.875633,0260,8,8E,DA,E4,9B,AF,B7,9C,70,R
1.877031,0140,8,2C,2C,85,84,E8,74,8B,15,R
1.877914,0316,8,B1,12,60,F1,0C,4C,68,EF,R
1.887201,0140,8,C2,EC,BE,EF,39,40,14,C7,R
1.894874,0329,8,69,95,C8,E6,5E,F5,EA,B7,R
1.895079,0260,8,CB,B2,FD,0B,A5,AF,25,B4,R
1.897085,0140,8,E5,3C,91,0A,E5,10,E3,A7,R
1.897998,0316,8,79,3B,72,31,7F,CA,A5,32,R
1.906435,0140,8,E1,CE,D5,52,89,DF,26,51,R
1.915452,0260,8,C2,C3,6D,CA,EB,49,81,EC,R
1.917345,0140,8,3C,1E,1A,B3,1E,BF,60,48,R
1.917531,0316,8,DD,5B,F4,6E,BE,32,62,03,R
1.927460,0140,8,A8,A8,03,09,2B,5A,E0,FC,R
1.934972,0260,8,16,CF,39,C6,54,6F,F8,BA,R
1.935088,0430,8,3B,40,7D,33,35,F0,F8,56,R
1.937560,0316,8,DB,3A,B9,12,AF,5E,77,53,R
1.938142,0140,8,CF,39,A6,09,80,15,12,F5,R
1.944318,0329,8,0B,A0,C4,B0,5B,70,48,82,R
1.949090,0140,8,74,A2,07,D2,9D,4F,A1,53,R
1.955780,0260,8,3E,B7,FD,1A,05,0A,A6,7F,R
1.955941,0545,8,C0,73,03,55,96,39,6E,0A,R
1.956565,0316,8,D8,BE,9C,B3,2B,B0,C2,29,R
1.959755,0140,8,1C,02,1E,C1,40,BF,C9,6E,R
1.969078,0140,8,A1,51,5C,B8,19,AB,D4,F3,R
1.974785,0260,8,1B,D4,8C,FF,57,14,0E,48,R
1.977475,0316,8,07,CC,C7,A9,68,3F,09,D7,R
1.979784,0140,8,C7,03,EA,63,08,8C,6C,48,R
1.990450,0140,8,A8,0C,EF,8B,65,FF,F3,27,R
1.993664,0329,8,57,BF,A5,58,B2,F5,65,C3,R
1.994254,0260,8,14,14,2A,09,F7,5E,AB,2E,R
1.997071,0316,8,4E,71,AD,4D,AC,83,C4,57,R
1.999792,0140,8,71,94,95,C6,E4,51,FF,C8,R
2.010300,0140,8,47,92,9F,47,A3,7C,9B,B7,R
2.013567,0260,8,6D,F3,D2,0C,31,BA,F9,4B,R
2.016407,0316,8,0C,78,3E,A2,A5,B6,D8,36,R
2.021116,0140,8,43,5D,24,1C,A7,A1,81,4E,R
2.030378,0140,8,A4,FB,68,2A,B8,FB,F7,FF,R
2.032568,0260,8,70,3D,3C,23,8F,CF,6F,D9,R
2.034403,0430,8,C0,85,26,4B,CD,D7,B1,47,R
2.037336,0316,8,C0,9A,3A,84,89,0B,46,78,R
2.039987,0140,8,16,3D,DD,64,96,82,F2,AA,R
2.043472,0329,8,B8,F0,35,D4,98,E7,90,65,R
2.049008,0140,8,60,FD,F8,78,35,66,65,DD,R
2.052998,0260,8,6D,0E,CC,33,77,08,EA,C6,R
2.055020,0545,8,4E,A4,3C,27,E1,38,54,45,R
2.057979,0316,8,CE,05,F7,1A,65,B6,E5,C2,R
2.059331,0140,8,3B,D2,65,51,C0,19,81,D5,R
2.069462,0140,8,64,01,60,A1,C9,26,82,61,R
2.072922,0260,8,8A,92,87,82,54,A4,04,C7,R
2.078197,0316,8,BB,48,C8,0A,F5,AC,D2,C8,R
2.078560,0140,8,EC,0A,E3,5A,71,DC,A9,2D,R
2.088398,0140,8,AB,79,97,74,9B,BE,5B,F4,R
2.092944,0260,8,E0,C4,7C,10,5B,3C,F9,A6,R
2.093736,0329,8,32,C8,AB,4E,26,CB,2C,40,R
2.098120,0316,8,A8,08,0D,0E,B9,F1,6B,C7,R
2.099224,0140,8,DD,89,36,24,56,6D,E5,76,R
2.108658,0140,8,3B,C1,A0,78,A8,29,3C,45,R
2.113174,0260,8,F3,67,C8,BA,8F,55,ED,87,R
2.118140,0140,8,41,56,3C,62,B8,FE,BA,C7,R
2.118435,0316,8,09,4C,76,13,32,95,37,12,R
2.128518,0140,8,EB,5E,83,BA,90,73,29,99,R
2.134103,0260,8,E3,12,B7,52,8F,FE,96,5B,R
2.134654,0430,8,BA,F8,8A,AD,A0,C7,3B,B7,R
2.138088,0140,8,40,42,99,08,46,AB,DF,88,R
2.138586,0316,8,93,EE,FC,CD,6B,40,03,51,R
2.143937,0329,8,F6,7C,2D,78,DC,7C,D9,14,R
2.148384,0140,8,9D,FB,4A,1F,3A,61,7F,62,R
2.154586,0260,8,7B,16,80,31,B4,C2,D9,EF,R
2.155912,0545,8,4E,CD,70,5B,4F,47,00,78,R
2.157728,0140,8,4F,5F,8F,D1,3E,E5,E9,5A,R
2.158760,0316,8,6F,A2,52,FE,63,49,63,71,R
2.168553,0140,8,3B,BC,12,74,CC,CF,0F,9D,R
2.175394,0260,8,0F,2B,29,7F,53,2B,27,35,R
2.177964,0140,8,9F,BA,4A,77,A8,06,81,9D,R
2.179607,0316,8,15,FC,12,3F,57,8C,64,E3,R
2.188526,0140,8,CB,5A,C7,1B,0D,C8,C6,19,R
2.193223,0329,8,50,D7,25,EF,84,F5,55,E0,R
2.195010,0260,8,32,4D,F6,BB,FC,67,C8,49,R
2.198785,0140,8,E2,EE,50,E4,12,92,4A,AD,R
2.199153,0316,8,97,A9,16,1C,86,F8,04,40,R
2.207913,0140,8,0B,93,2C,98,B4,7B,7D,CD,R
2.215012,0260,8,3C,EF,0A,F5,2C,FC,45,4E,R
2.217640,0140,8,AF,F9,76,6D,0D,FC,93,F9,R
2.218423,0316,8,C5,93,24,3D,B9,CB,20,31,R
2.226645,0140,8,4B,EA,30,91,3B,D6,10,33,R
2.234229,0260,8,A6,74,D4,28,D4,43,3B,22,R
2.235245,0430,8,4D,ED,E7,D9,5E,EE,17,96,R
2.235992,0140,8,A8,FF,7E,72,96,AC,13,AE,R
2.237524,0316,8,16,94,2E,40,21,97,F1,30,R
2.243647,0329,8,AC,85,36,CD,91,1B,95,2E,R
2.245670,0140,8,98,AD,55,5A,4F,AA,5A,40,R
2.254835,0140,8,05,B7,4E,9C,A0,4E,9F,7F,R
2.255077,0260,8,6F,E9,DD,94,FE,2C,A0,21,R
2.255217,0545,8,6B,10,37,EE,CC,06,34,FC,R
2.257567,0316,8,CA,BF,14,8F,CD,97,EF,C7,R
2.264748,0140,8,AD,EB,8C,BC,0F,70,32,82,R
2.274539,0140,8,86,30,3E,76,A6,C8,99,B3,R
2.275773,0260,8,B5,9C,18,E1,AC,0E,0F,6D,R
2.277887,0316,8,92,D6,71,2E,AB,2C,19,8E,R
2.285427,0140,8,66,41,CC,9D,6D,54,6E,27,R
2.294248,0329,8,13,6A,D5,D1,84,2A,16,18,R
2.294812,0140,8,6C,0D,CE,1F,B3,DE,37,5D,R
2.294827,0260,8,00,A8,07,F3,CD,B3,56,29,R
2.298179,0316,8,4A,FE,25,2B,39,43,52,7E,R
2.304814,0140,8,D9,0C,1C,1B,46,21,A2,A1,R
2.314039,0260,8,47,CA,D3,FB,19,D1,24,C1,R
2.314725,0140,8,8E,31,7E,CE,17,49,4A,BC,R
2.317515,0316,8,61,78,39,3F,65,9F,16,AE,R
2.324894,0140,8,A4,08,68,27,04,38,8B,DA,R
2.334085,0260,8,3F,98,C7,D5,E3,F6,36,FF,R
2.335278,0140,8,2A,57,43,25,8B,98,E2,DB,R
2.336194,0430,8,ED,1A,38,18,4F,46,7F,4A,R
2.336536,0316,8,C5,BF,B0,DF,14,D6,E6,98,R
2.345219,0329,8,B8,B0,18,94,92,8D,4F,A9,R
2.345646,0140,8,72,AE,D3,3F,15,71,A4,B1,R
2.353191,0260,8,1B,B8,05,77,04,DC,8D,B4,R
2.354694,0140,8,1D,A0,80,98,9D,D5,84,3B,R
2.355397,0545,8,35,0A,4A,DC,45,06,40,36,R
2.357270,0316,8,CA,48,A3,5A,21,B6,05,6D,R
2.364882,0140,8,7C,2E,3B,75,6E,C7,D0,6C,R
2.372514,0260,8,01,B4,BE,B1,DF,6E,E6,0B,R
2.375523,0140,8,88,C1,9B,42,3B,80,2D,03,R
2.377806,0316,8,C4,0E,9A,B2,08,AA,8F,62,R
2.386172,0140,8,76,7E,F2,F5,37,D1,AA,27,R
2.392635,0260,8,83,B6,39,69,25,AA,3A,C0,R
2.395466,0140,8,4D,46,16,CE,74,13,B0,50,R
2.396184,0329,8,4A,F9,AE,A6,FD,2D,7A,B9,R
2.398397,0316,8,E1,E8,79,C6,33,4E,CC,6D,R
2.405384,0140,8,5F,41,B3,0C,D7,C8,FB,50,R
2.413584,0260,8,21,37,B8,98,AC,59,B1,91,R
2.414738,0140,8,22,E7,93,B7,B7,54,87,40,R
2.419210,0316,8,14,67,14,F1,9A,81,42,21,R
2.424621,0140,8,45,10,AB,9E,B5,CD,97,E1,R
2.433702,0140,8,77,3E,82,14,3B,38,BF,33,R
2.434574,0260,8,ED,4D,6A,DF,17,E8,67,F1,R
2.436955,0430,8,9E,64,4B,15,36,52,CB,44,R
2.439758,0316,8,66,46,A5,BA,E7,3A,37,E7,R
2.444286,0140,8,41,F4,85,CE,A0,B7,0B,85,R
2.445467,0329,8,AB,20,D2,9F,75,50,59,76,R
2.454013,0140,8,24,21,11,E1,2D,17,3D,21,R
2.454253,0260,8,47,38,6C,60,13,CC,6E,F7,R
2.455258,0545,8,96,81,1F,2E,A7,D4,3D,15,R
2.460262,0316,8,1E,29,49,26,A2,DC,C2,41,R
2.463382,0140,8,8D,31,14,A7,73,68,0E,47,R
2.473915,0140,8,CD,32,71,75,7F,83,D5,F9,R
2.474472,0260,8,11,AA,A7,40,C1,20,F4,A5,R
2.480000,0316,8,D5,31,EC,61,28,C6,1C,05,R
2.484174,0140,8,96,F8,93,F6,8F,86,6F,76,R
2.493889,0260,8,CD,9E,24,E2,5C,B3,47,EF,R
2.494044,0140,8,58,4D,62,8C,48,8F,5D,CF,R
2.495623,0329,8,B3,AC,05,79,E0,25,B4,0E,R
2.500204,0316,8,92,E9,B8,6F,47,EE,AA,65,R
2.503943,0140,8,94,D0,40,CD,71,E7,45,4A,R
2.513519,0260,8,56,8B,3B,C0,7E,87,C1,FE,R
2.514621,0140,8,E8,D7,43,58,6C,BC,13,FD,R
2.520396,0316,8,BC,F9,05,56,B2,D5,11,0D,R
2.524777,0140,8,00,B6,64,DB,D8,0B,18,93,R
2.533051,0260,8,87,16,E7,05,7B,14,68,C1,R
2.535574,0140,8,42,24,4D,51,13,D6,92,9A,R
2.537159,0430,8,9D,D3,BE,83,F1,C1,32,7C,R
2.539397,0316,8,EE,F2,01,05,D0,B1,4B,98,R
2.546395,0329,8,79,7F,02,69,2E,A9,44,60,R
2.546477,0140,8,C6,40,D1,F0,B5,56,D0,4D,R
2.552760,0260,8,1A,3E,15,B5,AC,AD,F9,54,R
2.555585,0545,8,51,F5,A6,B2,0A,D5,1F,51,R
2.556696,0140,8,1B,74,FB,E6,71,82,C0,8A,R
2.560064,0316,8,71,91,5F,1A,E7,29,A0,D4,R
2.566497,0140,8,E0,67,46,A3,AC,7A,74,74,R
2.571901,0260,8,B3,E7,ED,5E,96,39,61,11,R
2.576708,0140,8,16,7D,AA,5E,B5,C2,AC,5E,R
2.579939,0316,8,CA,B7,29,09,7E,26,CA,DF,R
2.587316,0140,8,43,5B,4B,51,20,94,E5,AC,R
2.591064,0260,8,D1,F9,CD,8B,3D,36,9A,59,R
2.597152,0329,8,61,5A,ED,E7,1F,25,8E,42,R
2.598179,0140,8,54,AA,9B,E7,B3,48,8E,74,R
2.598998,0316,8,A3,E2,CD,EA,8F,25,82,91,R
2.608289,0140,8,E9,4E,8E,9C,E4,5F,AC,A0,R
2.611770,0260,8,6F,48,2F,19,98,DF,A4,B1,R
2.617999,0316,8,B4,FB,2E,CC,C3,87,0B,27,R
2.618793,0140,8,9B,5A,E6,1E,22,B3,08,C4,R
2.627943,0140,8,20,7C,E0,E9,18,F4,7C,8F,R
2.631484,0260,8,77,EB,D6,0F,57,8C,A5,AA,R
2.637304,0140,8,87,8B,63,DE,01,E2,BB,43,R
2.637460,0316,8,B1,E2,80,F5,9A,E6,92,43,R
2.637905,0430,8,14,BD,8F,E0,81,13,99,74,R
2.646408,0329,8,94,F9,B9,9E,BF,1E,6B,67,R
2.647441,0140,8,A6,10,39,50,2C,1F,2E,99,R
2.651420,0260,8,DC,EA,B8,19,02,D8,C9,50,R
2.655238,0545,8,03,21,BA,97,7D,93,48,11,R
2.657524,0316,8,8D,75,95,D0,14,6B,7C,CE,R
2.657657,0140,8,D8,45,42,2A,C7,A8,BF,AA,R
2.668387,0140,8,9D,EA,4C,97,F8,2F,BA,3B,R
2.670789,0260,8,ED,25,57,07,AC,B4,E7,05,R
2.677605,0316,8,95,2A,51,64,3B,B3,92,80,R
2.677716,0140,8,BD,33,21,A4,2C,78,2E,B1,R
2.688006,0140,8,AE,D8,42,00,02,AB,76,F8,R
2.691304,0260,8,CD,20,1D,C8,CF,66,0B,8B,R
2.696944,0329,8,B1,9D,99,28,2B,68,3E,88,R
2.697115,0140,8,41,97,E4,CE,9A,DB,AF,E3,R
2.697702,0316,8,F0,14,B9,17,99,C4,4A,19,R
2.708066,0140,8,48,B8,B6,34,E5,D6,AC,53,R
2.710584,0260,8,8C,A7,72,19,A9,4A,24,EB,R
2.717106,0140,8,AF,86,50,FB,40,5E,C8,3D,R
2.718294,0316,8,4A,B9,1F,25,66,B5,2A,DC,R
2.727724,0140,8,F0,8D,59,94,06,B8,57,51,R
2.731131,0260,8,82,73,EC,F7,0D,4D,70,86,R
2.738439,0430,8,1B,19,1E,93,F8,92,B1,67,R
2.738520,0140,8,3A,F2,43,77,CF,6B,67,8A,R
2.738760,0316,8,6E,E4,B4,4A,92,93,14,4A,R
2.746501,0329,8,14,D9,50,E1,F8,5C,4C,91,R
2.749392,0140,8,69,29,B9,15,A4,8E,BC,9F,R
2.751050,0260,8,27,CF,F8,50,11,ED,F9,B7,R
2.756165,0545,8,BA,69,19,73,80,D3,AB,9D,R
2.759622,0316,8,90,44,A5,39,05,D9,1F,77,R
2.760231,0140,8,58,CB,44,7B,C3,AD,43,44,R
2.770855,0140,8,E2,D6,D1,DE,1C,5C,CD,1F,R
2.771242,0260,8,A3,0E,78,A0,C1,B5,E3,8B,R
2.778977,0316,8,AD,2F,2F,18,A1,E6,72,21,R
2.780076,0140,8,F0,5A,01,16,75,A4,F3,D0,R
2.789979,0140,8,E7,D0,B7,8F,1B,1B,C8,43,R
2.791280,0260,8,22,C2,E7,97,5A,B8,E5,69,R
2.797067,0329,8,F6,42,51,1B,8B,43,36,11,R
2.799822,0316,8,A9,4B,20,C6,12,7B,1B,C2,R
2.800786,0140,8,C8,05,A5,74,C9,3E,EC,8D,R
2.810663,0140,8,10,F0,ED,CF,9C,69,13,03,R
2.811249,0260,8,04,15,45,AD,B1,B9,27,30,R
2.819007,0316,8,13,56,86,7C,98,39,6B,AF,R
2.821550,0140,8,E4,FC,47,B3,73,EF,69,83,R
2.830446,0260,8,1D,59,A1,43,B5,11,37,5B,R
2.832084,0140,8,B0,AF,BF,41,3E,2B,5F,D4,R
2.837749,0430,8,31,EA,B4,CD,7A,62,92,D2,R
2.839462,0316,8,20,22,54,1F,9B,71,96,C0,R
2.842716,0140,8,FD,5A,C3,B2,D6,07,4C,3E,R
2.846922,0329,8,84,48,30,91,35,62,EA,CF,R
2.850287,0260,8,A0,09,67,F0,F3,56,6B,C8,R
2.853675,0140,8,18,9B,A8,36,34,D1,C0,2C,R
2.855835,0545,8,8A,C9,84,93,F5,33,3F,42,R
2.859267,0316,8,E5,0D,B0,18,54,9B,CA,6A,R
2.863307,0140,8,27,73,77,42,59,14,94,B8,R
2.870046,0260,8,93,43,E8,C1,93,46,AC,D9,R
2.872422,0140,8,92,35,DD,0C,6B,FE,DA,F3,R
2.879905,0316,8,96,2C,B9,F5,52,2F,66,A3,R
2.883261,0140,8,4B,EC,76,4A,29,32,FA,09,R
2.890914,0260,8,F3,73,EF,BA,8F,7A,BF,6B,R
2.893327,0140,8,BB,AD,65,6E,DD,3D,30,E6,R
2.896311,0329,8,98,F7,57,34,13,25,15,CD,R
2.900683,0316,8,5A,7C,B8,FA,41,CE,D8,45,R
2.902567,0140,8,CC,59,58,8B,C0,C2,0E,CB,R
2.910816,0260,8,0C,84,BE,EC,A6,5E,E0,34,R
2.912975,0140,8,16,55,60,71,1E,4F,DB,E4,R
2.919926,0316,8,60,7B,C6,DF,2B,20,3E,75,R
2.923295,0140,8,C8,45,07,F4,40,74,03,2A,R
2.930029,0260,8,A4,AA,C6,7F,0E,5D,63,A7,R
2.934071,0140,8,8E,FF,13,CB,D4,2E,E7,AF,R
2.938448,0430,8,0B,B8,F8,5F,6D,4E,44,9B,R
2.938970,0316,8,FA,A9,3C,7F,3F,C2,6E,95,R
2.944430,0140,8,95,E0,0F,FD,FA,05,C9,DE,R
2.945732,0329,8,E8,61,F1,F2,B5,38,6C,3D,R
2.949343,0260,8,C7,31,24,23,C8,60,9E,01,R
2.954475,0140,8,7E,FD,8E,A8,FF,C1,FD,7F,R
2.956439,0545,8,89,F5,CC,28,16,C4,13,E8,R
2.958872,0316,8,F5,ED,20,8E,24,96,EA,6D,R
2.963950,0140,8,51,7A,A2,77,97,01,03,F7,R
2.969798,0260,8,02,0D,FB,84,76,48,4E,7A,R
2.973962,0140,8,03,48,D6,87,A4,83,AA,70,R
2.979274,0316,8,EE,3E,B7,B4,18,81,31,DD,R
2.983380,0140,8,DF,BC,63,DA,88,2D,1D,ED,R
2.989707,0260,8,F4,3F,CB,FE,82,0A,02,DE,R
2.992805,0140,8,1B,67,3B,53,A8,76,B5,A3,R
2.995870,0329,8,35,1B,46,4D,D7,B8,19,AF,R
2.999204,0316,8,BA,82,D7,ED,26,0C,67,1F,R
3.003109,0140,8,DF,F8,2B,6E,C2,93,44,56,R
3.009924,0260,8,12,97,F2,DE,5A,6B,21,FE,R
3.012139,0140,8,F4,74,94,F6,1B,35,89,62,R
3.018844,0316,8,30,FE,7A,BB,91,54,CA,D7,R
3.022748,0140,8,93,72,A3,4B,9F,B6,7D,03,R
3.029644,0260,8,BF,E4,BC,3F,AF,5D,B0,E3,R
3.032304,0140,8,C0,AB,F9,4E,4E,84,EF,B8,R
3.038298,0430,8,E2,E5,34,79,12,25,ED,E1,R
3.038860,0316,8,00,EE,AF,D2,32,45,93,DF,R
3.042110,0140,8,3E,12,E4,B8,75,40,C3,B9,R
3.046677,0329,8,B7,54,6F,AF,45,35,D4,78,R
3.048904,0260,8,A0,4E,BD,48,60,18,EE,16,R
3.051657,0140,8,73,29,75,20,D4,51,C4,06,R
3.055715,0545,8,85,BF,58,45,34,AD,5B,4C,R
3.058181,0316,8,F6,5C,02,81,34,D7,9A,61,R
3.061626,0140,8,D6,BD,D0,A7,D6,39,04,26,R
3.069818,0260,8,28,1D,B6,34,A8,1E,AE,51,R
3.071391,0140,8,DF,76,36,A7,63,BE,B0,7C,R
3.077650,0316,8,71,D5,4F,0F,14,E9,9B,DC,R
3.081037,0140,8,DE,37,EA,94,C0,82,A8,35,R
3.090443,0260,8,E6,F7,DC,9D,79,4F,B6,83,R
3.091013,0140,8,04,6F,0A,71,D2,A2,FE,7E,R
3.096738,0329,8,90,C6,6B,15,ED,A1,3F,73,R
3.098447,0316,8,60,6C,CE,73,76,EA,66,D1,R
3.101434,0140,8,88,9A,F1,7A,5B,1D,18,23,R
3.109648,0260,8,99,2C,A7,35,09,EB,F3,11,R
3.112337,0140,8,6A,2E,9C,DF,D8,58,32,6E,R
3.117978,0316,8,FC,27,2F,7F,92,D6,2C,D5,R
3.123281,0140,8,99,9F,EE,B3,0B,EB,5E,C9,R
3.129610,0260,8,B6,FF,AC,10,79,A0,ED,CE,R
3.134101,0140,8,88,DF,2B,55,27,85,78,91,R
3.138364,0316,8,75,CF,5D,F4,6D,C7,59,29,R
3.138847,0430,8,66,A7,1B,69,91,4A,D4,3C,R
3.144342,0140,8,B6,87,DF,A8,06,4F,65,F0,R
3.146646,0329,8,59,65,E3,2A,29,C4,1A,D4,R
3.149166,0260,8,74,FC,08,C8,42,72,5D,AB,R
3.155200,0140,8,A1,C5,02,98,B3,8E,F9,A5,R
3.155300,0545,8,86,61,D9,18,9C,D7,FC,65,R
3.157554,0316,8,D8,A7,5D,E9,E0,DE,82,79,R
3.164433,0140,8,DC,C6,76,88,F0,D9,CB,5C,R
3.169056,0260,8,E7,9B,8E,67,AC,B0,D7,A1,R
3.174579,0140,8,4B,8C,02,86,BA,0A,11,B1,R
3.178490,0316,8,56,26,5B,1A,8D,0E,3A,B2,R
3.185022,0140,8,72,AE,1D,CA,20,FF,13,67,R
3.188739,0260,8,C3,89,01,67,8A,15,0C,57,R
3.194769,0140,8,3C,51,B2,17,BD,AB,C1,2B,R
3.195720,0329,8,4B,A9,0A,31,D0,C5,6E,56,R
3.198675,0316,8,2B,89,61,E9,52,CC,3F,3B,R
3.204606,0140,8,CF,22,9A,1C,5C,DE,F0,13,R
3.207804,0260,8,E5,41,AD,B6,06,63,06,ED,R
3.213677,0140,8,25,6A,6A,51,68,89,44,A4,R
3.218498,0316,8,39,1F,99,ED,28,8A,41,4A,R
3.223892,0140,8,B8,02,A2,29,8D,19,8F,44,R
3.227295,0260,8,79,D4,52,44,72,B8,E5,5A,R
3.233602,0140,8,57,FD,E5,43,38,09,52,C8,R
3.239003,0430,8,F6,6E,A5,20,50,E4,DF,F0,R
3.239362,0316,8,80,FD,F2,E9,DD,14,A8,53,R
3.244525,0140,8,DC,67,B6,3F,FD,B4,02,8C,R
3.246664,0329,8,8F,70,CB,C7,BC,1A,B7,CE,R
3.246765,0260,8,AD,17,5F,0E,55,8B,F9,1A,R
3.254865,0140,8,B6,91,6C,BD,EB,E3,FD,F6,R
3.255790,0545,8,0D,D3,62,5C,D4,73,DF,A4,R
3.259785,0316,8,D0,87,BD,B0,E9,D8,DA,30,R
3.265123,0140,8,D4,07,EF,C0,1D,FD,64,D3,R
3.267037,0260,8,6A,A4,54,35,51,61,AE,70,R
3.274547,0140,8,F8,71,F0,18,D5,4A,C7,82,R
3.279853,0316,8,5F,44,A6,D6,48,34,E8,44,R
3.283934,0140,8,61,BF,B8,97,8D,F2,DF,29,R
3.287285,0260,8,BC,A4,2A,2F,68,41,A5,F5,R
3.294152,0140,8,CC,12,F6,C9,8A,D9,33,6E,R
3.297056,0329,8,58,07,DE,E9,5D,40,BF,0A,R
3.300506,0316,8,2A,5A,A5,27,DF,24,1C,35,R
3.304914,0140,8,CA,60,42,A4,30,61,9C,A1,R
3.307617,0260,8,BD,B1,43,43,15,17,31,E5,R
3.315084,0140,8,65,70,B3,72,8A,94,B4,63,R
3.320468,0316,8,9E,7E,A8,CB,BA,83,A4,B2,R
3.325272,0140,8,32,7E,0D,A6,8C,BA,BB,5D,R
3.327560,0260,8,46,49,9B,95,95,10,C4,E7,R
3.335815,0140,8,69,6D,35,52,D4,21,A5,C6,R
3.338882,0430,8,17,C1,CB,96,48,62,C5,3C,R
3.340203,0316,8,4F,A4,E6,16,A4,56,A7,66,R
3.345061,0140,8,41,83,BB,55,83,98,AE,E6,R
3.346961,0329,8,AF,30,AF,57,76,CB,38,B7,R
3.348046,0260,8,1E,B6,65,75,E3,45,8A,B2,R
3.355865,0545,8,09,15,DF,E0,52,BC,39,A3,R
3.355983,0140,8,30,2B,9B,99,90,51,A0,2A,R
3.359267,0316,8,16,62,F8,44,A9,2E,23,39,R
3.365096,0140,8,B3,64,70,B9,53,9C,4B,83,R
3.368787,0260,8,2B,B7,0B,7C,54,DD,C6,4B,R
3.375742,0140,8,82,EB,2B,4A,C8,55,A2,0C,R
3.379076,0316,8,68,FA,99,A9,E1,01,8F,DB,R
3.385404,0140,8,57,20,F6,46,ED,1A,ED,4F,R
3.388229,0260,8,95,8A,50,9B,C9,89,60,22,R
3.394409,0140,8,CB,6B,A0,72,95,82,8E,FE,R
3.396593,0329,8,BE,01,39,9C,AF,52,40,0B,R
3.399322,0316,8,B7,7B,FA,3C,5B,3C,E4,46,R
3.404647,0140,8,E2,A6,67,0D,35,1A,41,0A,R
3.408652,0260,8,E0,C3,80,13,81,0F,9E,DD,R
3.415372,0140,8,07,A6,4C,F6,A7,57,AE,E3,R
3.418761,0316,8,8F,93,28,3F,26,CA,37,80,R
3.425850,0140,8,CF,47,94,02,5A,A4,0B,D8,R
3.428495,0260,8,B0,0A,98,AC,31,94,10,6F,R
3.435403,0140,8,04,9C,85,E7,5B,76,C3,42,R
3.437980,0430,8,9F,13,43,3D,36,37,25,CF,R
3.438490,0316,8,75,F6,A9,9E,CD,4B,63,36,R
3.444569,0140,8,63,B1,CD,40,88,1B,D8,BE,R
3.446435,0329,8,4E,F7,E3,61,30,C5,A5,5B,R
3.448282,0260,8,B6,51,16,85,3C,1E,E6,44,R
3.454128,0140,8,0F,5D,68,A9,10,B4,45,E4,R
3.455766,0545,8,C5,0A,09,1C,38,9B,D0,41,R
3.458634,0316,8,E0,45,6F,D2,81,8F,E8,CB,R
3.463881,0140,8,C7,A0,30,F2,59,1A,37,51,R
3.467392,0260,8,78,3E,F1,82,97,0D,01,7F,R
3.473002,0140,8,9D,DE,19,95,A9,56,70,C6,R
3.479490,0316,8,9C,CD,01,62,A1,57,AB,5F,R
3.482559,0140,8,4A,39,DA,A1,9D,18,45,89,R
3.487155,0260,8,12,FC,60,B2,0F,F2,2A,1E,R
3.493317,0140,8,F2,30,5B,59,86,64,0B,27,R
3.496499,0329,8,9E,47,36,25,29,AB,EA,04,R
3.499851,0316,8,C2,0C,BC,3E,AD,32,1B,26,R
3.503790,0140,8,8E,A2,C3,C2,CF,94,E9,66,R
3.506620,0260,8,36,F3,45,E0,59,FE,8D,3F,R
3.513311,0140,8,1B,9D,95,0B,B0,EB,1E,95,R
3.519823,0316,8,FD,E7,49,5C,D7,62,1F,D2,R
3.523843,0140,8,A8,00,78,FF,05,0E,8A,E3,R
3.527547,0260,8,DA,36,0A,A9,5D,C2,CD,BE,R
3.534427,0140,8,2A,0A,63,DB,A0,FE,9B,23,R
3.538222,0430,8,2D,DF,63,FB,97,A3,55,BA,R
3.539646,0316,8,11,DB,D3,23,F7,C9,55,00,R
3.543849,0140,8,BE,E0,FC,D4,60,71,10,22,R
3.546051,0329,8,02,27,BE,A2,55,37,B2,14,R
3.547463,0260,8,64,13,05,AE,70,8C,C4,B8,R
3.554158,0140,8,3D,93,0A,96,4B,03,E5,43,R
3.556420,0545,8,C1,BC,25,D0,3E,68,0A,72,R
3.558954,0316,8,6D,1E,BF,BC,E8,A5,17,56,R
3.563645,0140,8,55,3A,BB,C1,FF,C5,DD,5F,R
3.567123,0260,8,51,42,DA,E1,C9,0B,4F,6A,R
3.573777,0140,8,19,7E,44,77,D4,E8,68,9E,R
3.579675,0316,8,26,53,69,03,8E,FB,60,56,R
3.583583,0140,8,CB,4A,00,BC,0F,CA,2F,06,R
3.587817,0260,8,3D,6C,67,3F,73,91,28,85,R
3.592992,0140,8,85,CF,49,C8,D5,B9,C5,55,R
3.595546,0329,8,B1,FB,6F,DC,44,38,67,CF,R
3.599612,0316,8,9E,EE,56,41,2B,CF,15,DD,R
3.603969,0140,8,C1,5A,6D,50,9A,AC,24,5A,R
3.608122,0260,8,5E,77,E4,BB,1A,0C,61,4A,R
3.614391,0140,8,0B,D6,AB,F3,D0,11,C3,E6,R
3.619962,0316,8,74,FB,7E,DE,AD,E1,86,C7,R
3.624737,0140,8,FC,DB,14,07,59,06,46,22,R
3.628789,0260,8,AB,33,05,B3,69,90,CB,AA,R
3.635216,0140,8,82,51,B8,C0,95,C4,4E,4D,R
3.637297,0430,8,95,5F,DC,34,47,66,B8,E5,R
3.640384,0316,8,F6,68,DA,7A,1B,C6,6C,34,R
3.645170,0329,8,EA,C6,81,4D,80,32,AB,56,R
3.645513,0140,8,4D,EF,F6,D0,3D,B1,07,BF,R
3.649757,0260,8,C5,C5,46,A1,40,62,44,E3,R
3.655888,0140,8,C8,21,07,DA,DA,B4,F1,49,R
3.656110,0545,8,2F,4E,3F,91,6F,D4,04,F1,R
3.659457,0316,8,32,6C,99,E9,1E,1D,06,B0,R
3.666177,0140,8,79,BC,56,BA,B3,45,AE,A1,R
3.670745,0260,8,40,EA,10,FF,A2,0D,62,D6,R
3.676291,0140,8,AC,CF,5B,7B,EB,ED,95,3D,R
3.678801,0316,8,71,FC,19,8F,25,4A,B8,7E,R
3.685668,0140,8,27,FC,B2,FF,22,CE,05,C9,R
3.691095,0260,8,FE,1B,E2,38,6C,FD,E2,8E,R
3.695996,0329,8,AA,A7,C2,07,AE,69,2E,6C,R
3.696132,0140,8,E6,CB,FA,ED,81,7B,9A,E1,R
3.698580,0316,8,25,80,A9,68,3D,88,83,48,R
3.706843,0140,8,75,CC,A6,49,5B,14,38,6E,R
3.711949,0260,8,36,9B,CE,0D,81,1A,30,96,R
3.717586,0140,8,17,91,34,55,B9,AF,5A,2B,R
3.718044,0316,8,16,A0,8F,B5,2D,1D,1D,88,R
3.726867,0140,8,89,CE,A3,03,BD,FC,DB,7F,R
3.732202,0260,8,69,D3,76,3C,12,6A,39,3E,R
3.737429,0140,8,EF,0C,C4,B2,40,A8,34,FB,R
3.737576,0430,8,DA,1A,C6,64,8E,DF,8A,3F,R
3.738135,0316,8,FE,7B,FF,97,5E,DD,FB,75,R
3.746442,0140,8,C6,A1,0F,95,D2,12,66,73,R
3.746840,0329,8,E3,28,0C,31,0C,FF,86,7D,R
3.751998,0260,8,12,0D,98,2A,63,C7,3D,A9,R
3.755204,0545,8,94,A8,81,01,03,C2,F3,5A,R
3.757032,0140,8,48,7C,67,1C,F7,16,DD,D3,R
3.757451,0316,8,50,64,A2,2C,E0,F4,93,9B,R
3.767694,0140,8,33,A8,C5,F3,81,15,DA,0C,R
3.771571,0260,8,FB,E5,A8,91,4F,AA,8B,0A,R
3.777055,0316,8,F5,E2,4B,0C,21,A2,69,43,R
3.777835,0140,8,A6,88,6F,61,72,5C,E7,21,R
3.787794,0140,8,C7,FF,7C,4A,48,3D,98,BB,R
3.790598,0260,8,7E,87,2E,7F,91,79,D3,98,R
3.796486,0329,8,05,88,C4,00,F3,1E,3E,17,R
3.797019,0316,8,6C,A4,F7,4F,17,DF,58,FA,R
3.798530,0140,8,B7,E1,FE,F1,BD,19,8D,1D,R
3.808713,0140,8,7D,66,4E,CE,61,9F,D0,F4,R
3.809723,0260,8,D6,A8,EF,BF,F4,7E,02,AD,R
3.816968,0316,8,41,24,E6,39,3C,EE,B1,6C,R
3.818437,0140,8,A6,86,C9,06,1C,FB,C3,D7,R
3.828860,0260,8,F5,EF,9A,D6,64,D6,6D,7C,R
3.829261,0140,8,C8,94,E5,1E,BE,67,A0,A4,R
3.837603,0316,8,C1,5B,FA,E9,A8,9F,9F,1D,R
3.837795,0430,8,51,EC,54,0B,5D,46,F7,E1,R
3.839391,0140,8,9E,F6,2F,1E,72,47,9B,59,R
3.846406,0329,8,D7,60,62,1E,50,0D,A4,D8,R
3.848536,0140,8,F4,74,65,F9,A1,69,65,7C,R
3.848947,0260,8,1F,80,69,40,8E,A8,BB,A1,R
3.854217,0545,8,73,C4,52,0D,1D,00,12,D0,R
3.857594,0140,8,AA,06,A2,6B,06,7E,28,E4,R
3.858222,0316,8,6F,A6,2A,99,CB,61,C3,D3,R
3.866920,0140,8,CC,DE,2F,DB,E5,C8,AF,5A,R
3.868884,0260,8,90,D0,35,C8,89,D6,F4,7D,R
3.876145,0140,8,10,26,BE,8D,FB,DF,03,9C,R
3.877523,0316,8,A9,9B,3F,08,7B,A2,A5,47,R
3.885308,0140,8,2C,0D,BA,14,4C,57,D1,F6,R
3.888164,0260,8,17,0F,1B,CB,DC,F1,C1,57,R
3.895362,0140,8,CA,82,5F,3F,AD,8E,41,5E,R
3.896034,0329,8,F6,A1,C0,71,E7,72,80,A8,R
3.897873,0316,8,6E,15,B7,4C,DE,77,B7,41,R
3.905668,0140,8,1F,96,D9,CC,61,19,06,6F,R
3.907248,0260,8,08,EE,31,98,06,D2,AC,8C,R
3.914780,0140,8,B0,40,BF,DE,11,22,4B,09,R
3.918171,0316,8,66,B6,16,10,9A,6D,88,03,R
3.924137,0140,8,B9,B6,F4,34,00,45,F3,CF,R
3.928058,0260,8,20,CC,2F,69,1E,8A,E3,C4,R
3.934570,0140,8,C7,F2,1B,3C,ED,B7,02,47,R
3.937658,0316,8,E1,BA,87,16,0E,9E,D5,FD,R
3.937727,0430,8,72,0F,95,39,BD,20,1A,49,R
3.944879,0140,8,F4,45,4C,8B,5B,63,CE,41,R
3.946143,0329,8,07,D1,64,31,29,7C,55,63,R
3.947175,0260,8,99,27,40,F4,F7,63,17,5A,R
3.954222,0545,8,D3,F6,B6,EA,54,A9,F1,E7,R
3.955667,0140,8,10,D4,11,70,DC,41,35,44,R
3.958003,0316,8,E4,4D,B2,E5,B0,88,97,11,R
3.965757,0140,8,50,4B,36,91,CC,EF,41,06,R
3.967971,0260,8,FB,DA,EA,29,29,B7,50,F1,R
3.975467,0140,8,C5,29,7E,A4,A0,A6,47,13,R
3.978603,0316,8,75,D9,AF,25,05,E6,23,45,R
3.985602,0140,8,50,B4,38,62,2D,8A,6C,98,R
3.988768,0260,8,7D,F4,43,05,C7,C4,E3,96,R
3.995889,0140,8,E8,74,C2,60,CB,0F,59,5C,R
3.996697,0329,8,30,34,ED,CB,C4,45,D7,B1,R
3.998924,0316,8,95,1B,B0,E0,6A,11,56,81,R
4.005004,0140,8,1E,19,25,6D,8B,AB,85,D1,R
4.008646,0260,8,8B,8D,EB,9A,32,B5,0B,4B,R
4.014463,0140,8,20,CF,E0,D4,D7,82,72,D4,R
4.018297,0316,8,27,02,CD,6A,37,1C,97,01,R
4.024047,0140,8,08,CC,CE,E9,36,F4,6D,B4,R
4.027887,0260,8,2D,4C,69,74,CB,41,E2,55,R
4.034884,0140,8,CC,E3,17,B2,8C,0C,D8,95,R
4.037739,0430,8,BB,3A,48,36,DD,94,46,EB,R
4.038615,0316,8,D7,64,AD,6C,40,56,6F,42,R
4.045152,0140,8,23,98,67,B6,F9,38,44,96,R
4.045980,0329,8,58,0D,1E,F0,EE,27,E9,F5,R
4.048273,0260,8,D5,B1,8D,DD,3D,27,84,F6,R
4.053409,0545,8,D5,A7,D5,D4,34,D8,8C,09,R
4.054947,0140,8,A4,94,E9,C4,F8,AE,A0,9E,R
4.058654,0316,8,E6,EC,50,BE,53,22,CF,26,R
4.065053,0140,8,4A,10,E9,66,B5,C5,6A,CA,R
4.068573,0260,8,BD,16,78,2C,C0,9A,52,57,R
4.075684,0140,8,52,0A,F4,4B,5E,82,DE,0A,R
4.078979,0316,8,9B,EC,7F,7A,6B,BF,3A,26,R
4.086664,0140,8,57,2B,92,AB,AA,CB,76,FF,R
4.087872,0260,8,2A,FB,50,D5,88,B2,8A,80,R
4.094981,0329,8,3C,B1,D3,49,41,49,D9,5A,R
4.096277,0140,8,04,32,F4,60,1F,E3,E3,08,R
4.099811,0316,8,01,6B,AC,6F,48,D5,7E,92,R
4.106973,0140,8,A4,F1,24,CB,CC,CC,14,E5,R
4.108482,0260,8,57,75,F0,24,A9,67,B9,D3,R
4.117758,0140,8,B9,B6,20,CF,F1,31,DB,4E,R
4.119280,0316,8,E4,7E,82,13,A3,B3,B5,BD,R
4.127957,0140,8,04,A1,CF,1F,E6,C1,6E,CF,R
4.128918,0260,8,03,CE,CB,E5,6E,5B,C0,95,R
4.137213,0140,8,E5,62,CC,C1,76,3A,4C,37,R
4.138397,0430,8,2F,84,7C,21,05,75,BC,86,R
4.139944,0316,8,08,7F,DA,BF,49,C7,BC,57,R
4.144616,0329,8,7F,BC,2F,12,69,26,0F,23,R
4.148167,0140,8,FF,28,E1,04,62,A9,B5,FB,R
4.148709,0260,8,69,48,82,83,1E,BB,8E,7D,R
4.152462,0545,8,1C,F1,81,93,EC,CA,69,DA,R
4.157917,0140,8,74,E2,ED,F8,BE,AE,77,DE,R
4.158965,0316,8,9F,98,D8,4D,29,D5,75,D4,R
4.167843,0140,8,D3,06,09,35,68,33,BC,1E,R
4.168441,0260,8,A6,8D,E7,4B,03,B9,38,4C,R
4.176984,0140,8,B5,34,7F,E0,65,E8,73,19,R
4.179191,0316,8,43,D6,85,AA,70,11,DF,1F,R
4.186456,0140,8,11,08,88,5D,34,10,36,3F,R
4.187961,0260,8,E6,AC,F3,10,EF,47,61,F1,R
4.193888,0329,8,95,D6,C2,C0,E6,59,3F,A9,R
4.195990,0140,8,6E,73,43,81,9D,02,9A,DE,R
4.199257,0316,8,9C,FE,38,47,EB,E8,F1,DE,R
4.205653,0140,8,F6,90,15,1B,E1,CE,22,63,R
4.208504,0260,8,6F,82,B3,4E,04,F9,DA,FD,R
4.215353,0140,8,7B,C5,7D,14,0A,54,46,A5,R
4.219726,0316,8,D1,F1,0C,84,5A,00,16,0B,R
4.225342,0140,8,22,ED,3F,1B,45,92,29,0C,R
4.229024,0260,8,73,5F,99,C9,E9,ED,33,59,R
4.234479,0140,8,C5,4A,FC,CF,6B,97,B5,CA,R
4.238273,0430,8,32,CA,EF,2B,0B,6F,C0,31,R
4.239937,0316,8,50,6E,2E,16,AB,B6,32,3B,R
4.243299,0329,8,D1,2F,3E,01,B9,5D,C4,17,R
4.245476,0140,8,71,EF,23,E0,5E,9D,02,CD,R
4.248432,0260,8,F0,4C,11,B3,4F,55,0D,7D,R
4.252601,0545,8,AD,A3,38,18,43,23,0F,70,R
4.254914,0140,8,7E,4B,C4,78,90,93,9F,E4,R
4.260448,0316,8,A9,C8,CF,60,FB,C0,74,F9,R
4.265145,0140,8,1D,29,D7,7C,1C,BA,D5,A5,R
4.268442,0260,8,18,45,67,9B,28,65,05,49,R
4.275708,0140,8,36,0B,ED,D3,65,C2,87,79,R
4.280968,0316,8,23,8F,23,2B,C0,76,5D,36,R
4.286593,0140,8,DB,68,38,5E,88,20,AF,73,R
4.287516,0260,8,30,AD,8D,06,D9,67,F4,E3,R
4.294194,0329,8,06,8B,06,4E,C2,4E,89,93,R
4.296989,0140,8,23,E1,D5,4C,17,01,CC,E6,R
4.301110,0316,8,45,AB,45,93,65,93,45,68,R
4.306689,0260,8,2E,37,75,C3,F0,10,47,11,R
4.306693,0140,8,D7,3A,AC,95,85,EC,7C,F1,R
4.315890,0140,8,7F,CA,DE,FB,0A,4F,B1,89,R
4.321713,0316,8,86,9B,13,4A,4F,55,0A,0B,R
4.325201,0140,8,F5,9E,A4,DE,30,DD,45,D0,R
4.326353,0260,8,74,FC,40,21,7D,07,F6,88,R
4.334889,0140,8,5C,AC,2F,6E,01,B8,D9,DD,R
4.338557,0430,8,5C,1F,46,23,BD,39,51,BC,R
4.342088,0316,8,BB,FB,65,FC,7B,94,98,B7,R
4.344797,0329,8,83,80,1F,FB,D1,7C,5A,DC,R
4.345429,0140,8,FA,1A,D5,7D,86,10,54,C4,R
4.346993,0260,8,3D,B5,A3,0A,F3,38,90,2E,R
4.352081,0545,8,A9,E2,32,70,54,D8,74,24,R
4.355963,0140,8,A0,48,FC,5D,11,37,85,84,R
4.361586,0316,8,24,68,A1,D5,4F,72,84,BD,R
4.366828,0140,8,D6,53,AE,EA,85,08,50,88,R
4.367880,0260,8,9D,46,73,B5,CA,92,E0,AF,R
4.376948,0140,8,1B,6C,25,F6,23,E7,EC,3C,R
4.381949,0316,8,41,31,4D,EE,85,B2,26,A3,R
4.387456,0140,8,94,CC,97,C2,C6,47,30,8D,R
4.387625,0260,8,05,64,0C,5C,88,4B,2D,CA,R
4.395655,0329,8,57,10,0D,FE,C4,51,8B,51,R
4.397761,0140,8,17,50,89,8E,50,4C,77,4F,R
4.402453,0316,8,05,8F,EA,A1,7D,14,85,FD,R
4.407749,0260,8,60,D2,A2,DB,6C,19,9F,72,R
4.408272,0140,8,6B,2F,56,BB,7E,1A,E2,C8,R
4.418525,0140,8,98,CA,DA,EF,07,2C,B3,94,R
4.421754,0316,8,2B,27,4D,A5,B7,40,3D,45,R
4.428160,0260,8,C0,BB,39,D8,E4,02,08,24,R
4.428349,0140,8,40,5B,16,5A,9A,5E,5D,98,R
4.438092,0140,8,FD,DF,25,A3,E6,3B,D5,95,R
4.439544,0430,8,00,DE,1E,09,FD,CC,84,84,R
4.440908,0316,8,B8,2A,03,74,35,5F,7C,AD,R
4.444737,0329,8,EC,A1,26,96,0E,2B,E3,26,R
4.447832,0260,8,9F,0B,11,02,64,B9,0E,8F,R
4.448386,0140,8,8A,B8,C6,04,55,47,D2,C8,R
4.452249,0545,8,58,D4,76,93,2C,E4,89,FC,R
4.457693,0140,8,15,AE,CD,0E,E2,DF,0E,37,R
4.461815,0316,8,C4,30,71,D8,26,C0,82,3B,R
4.467115,0140,8,70,A3,52,A1,4E,26,EB,F5,R
4.467978,0260,8,6C,74,5D,11,09,2D,C9,D3,R
4.477714,0140,8,E3,17,16,8D,DD,73,A9,61,R
4.482572,0316,8,D1,83,0E,13,18,06,D1,1F,R
4.487742,0260,8,3E,C1,F8,FD,C8,BE,64,47,R
4.488095,0140,8,1B,11,3A,AB,15,64,BD,15,R
4.494636,0329,8,C2,F3,BA,BC,86,86,10,02,R
4.498098,0140,8,B2,3B,6E,6F,A4,7B,DC,76,R
4.502993,0316,8,71,7E,36,C5,05,31,0E,11,R
4.507234,0260,8,33,87,DB,7B,F9,C9,4E,AA,R
4.507263,0140,8,2E,92,28,0A,AA,F6,2E,7A,R
4.517578,0140,8,C4,43,BA,92,CA,C5,FE,D2,R
4.522476,0316,8,5F,A4,26,A1,3E,04,24,45,R
4.526867,0260,8,F9,5E,22,DD,D2,6A,DA,5B,R
4.527547,0140,8,C8,38,F6,FD,DF,B9,7C,41,R
4.538143,0140,8,3C,AA,0A,11,24,73,97,CE,R
4.540153,0430,8,25,0E,47,57,BD,02,70,E2,R
4.542246,0316,8,59,AF,C7,22,A5,75,54,BB,R
4.544797,0329,8,5C,BF,A3,BB,05,D6,B7,0C,R
4.546944,0260,8,77,30,EF,80,1E,56,9B,C5,R
4.548851,0140,8,8A,49,23,0C,25,C9,EB,C0,R
4.552835,0545,8,32,EE,C7,21,74,A9,EA,76,R
4.559411,0140,8,8C,4D,4C,2E,38,70,25,8E,R
4.562262,0316,8,D1,9C,BE,5D,F9,35,33,4F,R
4.566622,0260,8,36,F4,2A,35,D4,E5,0D,DD,R
4.569940,0140,8,65,CF,A9,C8,10,E4,C6,40,R
4.579163,0140,8,E9,FC,19,23,21,7D,E3,64,R
4.582784,0316,8,4A,C7,71,FE,C1,3C,7A,55,R
4.586668,0260,8,E3,61,51,1A,76,BF,D6,39,R
4.589414,0140,8,27,B5,EB,F3,BC,1E,61,F7,R
4.595049,0329,8,F3,2F,4E,6F,D9,55,5F,66,R
4.599391,0140,8,30,CD,9A,D6,7A,36,15,89,R
4.603191,0316,8,8D,CA,5C,E0,B0,49,7C,DD,R
4.607222,0260,8,F8,58,B0,AC,F7,AC,0E,53,R
4.608788,0140,8,B5,F1,43,C2,6E,ED,FE,FE,R
4.618831,0140,8,EB,1E,C7,BD,84,48,24,6E,R
4.623592,0316,8,28,B5,7C,FE,A8,5B,42,DD,R
4.626637,0260,8,F7,D1,8D,2A,DC,58,67,07,R
4.629094,0140,8,F8,7C,45,AC,A8,A7,5A,AF,R
4.638252,0140,8,08,F7,26,D7,43,D4,44,5E,R
4.639265,0430,8,F3,65,A0,9B,0B,1E,09,92,R
4.643539,0316,8,39,27,CF,04,9B,92,36,DE,R
4.645295,0329,8,3C,4D,39,49,F7,35,26,63,R
4.646787,0260,8,12,E4,BE,FF,24,53,F8,74,R
4.648308,0140,8,D5,0F,F8,05,05,8F,78,79,R
4.652883,0545,8,AE,CA,42,36,DD,53,A4,04,R
4.657509,0140,8,23,E5,D9,44,C9,E6,28,20,R
4.663178,0316,8,30,F4,B3,F0,43,64,96,5D,R
4.666772,0140,8,83,F4,83,BF,16,11,D3,E3,R
4.667150,0260,8,50,1E,D5,63,7C,04,95,7E,R
4.675937,0140,8,60,87,69,DD,F5,4F,55,E8,R
4.682469,0316,8,A6,56,53,BC,E9,FC,F9,01,R
4.685625,0140,8,21,1F,D6,BB,A7,67,CF,FA,R
4.686529,0260,8,05,F9,20,3C,74,BC,BC,E4,R
4.695717,0329,8,4C,BE,D1,B8,4B,46,53,8D,R
4.696466,0140,8,6C,75,4F,AF,F4,B1,23,27,R
4.702299,0316,8,DF,D1,60,50,FC,AD,65,C6,R
4.705915,0260,8,8C,F0,88,3E,B9,7F,0D,CC,R
4.706317,0140,8,69,EF,7C,34,6E,73,A9,FA,R
4.716140,0140,8,7D,75,08,66,73,5E,1E,CB,R
4.721324,0316,8,8E,D0,0F,CA,85,91,E4,0D,R
4.726533,0260,8,37,B8,CA,61,97,82,6A,16,R
4.727074,0140,8,68,22,5B,40,CF,36,08,46,R
4.736155,0140,8,FD,95,18,AE,95,F4,E8,6C,R
4.739520,0430,8,E0,3B,E3,10,F1,B3,DE,B8,R
4.740509,0316,8,99,A2,DF,E5,BF,59,93,B5,R
4.745208,0140,8,75,1F,49,B4,92,2F,C1,B5,R
4.745226,0329,8,A9,83,B3,17,AE,9C,BB,6D,R
4.746114,0260,8,46,B7,EA,E6,EB,04,E2,FE,R
4.753285,0545,8,8D,4A,5D,F0,BE,06,63,8F,R
4.754974,0140,8,8A,ED,BF,E1,06,18,21,D3,R
4.760564,0316,8,DD,5C,70,2C,49,7F,28,CB,R
4.764770,0140,8,7C,6F,7B,E9,5B,8D,51,95,R
4.766960,0260,8,7B,39,CE,29,64,B8,80,EC,R
4.775614,0140,8,61,A5,C5,D2,70,DC,0D,47,R
4.781049,0316,8,E0,E3,47,9D,52,92,9E,DB,R
4.786090,0140,8,C8,E5,F9,04,A1,64,1E,4F,R
4.787211,0260,8,2D,E7,26,32,A7,DF,2E,6E,R
4.794768,0329,8,E9,A1,41,EA,61,C5,3E,CA,R
4.795819,0140,8,EE,14,53,0A,F7,1D,4D,8B,R
4.800153,0316,8,42,6F,E8,3E,60,6D,9D,01,R
4.806649,0140,8,FB,34,58,BD,67,3F,88,E7,R
4.807959,0260,8,F6,F1,83,83,EC,5D,59,63,R
4.817314,0140,8,80,A1,CF,B4,B3,61,70,41,R
4.820978,0316,8,18,ED,62,CB,A1,7D,9B,44,R
4.827684,0140,8,34,EC,75,07,A4,53,26,FF,R
4.828264,0260,8,D7,3D,FF,74,FD,33,CA,F6,R
4.838275,0140,8,3D,49,B6,E9,EF,65,5C,55,R
4.839069,0430,8,38,F2,B9,1F,8F,BC,CE,1F,R
4.841687,0316,8,4B,04,BA,14,8E,0D,23,11,R
4.845700,0329,8,03,FC,F0,37,46,21,7A,E6,R
4.848574,0140,8,75,F6,FA,3A,D5,60,64,23,R
4.848640,0260,8,C6,05,D4,C7,D8,B8,2C,AD,R
4.853791,0545,8,BF,FB,F8,FA,89,6B,C3,06,R
4.859051,0140,8,07,3F,18,61,93,E1,76,93,R
4.861766,0316,8,C1,7B,E3,1F,1A,6B,55,21,R
4.868322,0140,8,9D,3B,9F,58,D1,29,48,B1,R
4.868482,0260,8,12,E5,FC,3F,AB,CF,BD,2F,R
4.878621,0140,8,D9,DF,07,68,C7,90,D8,9A,R
4.881853,0316,8,E2,57,3A,5A,9D,CA,0F,49,R
4.888040,0140,8,07,FD,55,87,71,8F,46,C9,R
4.889286,0260,8,AB,39,B2,23,C0,B1,45,A7,R
4.896487,0329,8,6B,9F,34,27,40,AA,13,F7,R
4.898574,0140,8,B6,70,94,55,53,08,35,98,R
4.900962,0316,8,AB,E9,70,59,C4,87,7C,FC,R
4.907908,0140,8,F5,C8,3D,27,0E,1D,25,60,R
4.909031,0260,8,32,13,B0,10,68,F6,F3,7D,R
4.917064,0140,8,A5,1B,57,B7,B6,C9,9C,97,R
4.921914,0316,8,EE,50,B9,28,CF,CA,33,0E,R
4.926698,0140,8,02,96,9C,48,BF,94,DC,0B,R
4.929429,0260,8,94,43,44,DD,F0,07,38,EB,R
4.935929,0140,8,ED,0C,3A,41,34,6A,A2,92,R
4.939688,0430,8,C1,A8,C1,0F,E3,F1,AF,31,R
4.942248,0316,8,CC,4A,E9,0B,68,9B,D8,C0,R
4.945428,0140,8,81,26,F9,D5,F3,9B,79,0C,R
4.946003,0329,8,28,7D,C8,63,BF,1F,51,53,R
4.948505,0260,8,C0,40,5C,F2,62,18,32,D1,R
4.954448,0545,8,42,7A,30,61,95,4E,74,0E,R
4.955207,0140,8,02,BE,9C,E7,2B,9D,1B,5F,R
4.962817,0316,8,BE,3A,12,A8,9B,6E,8B,1F,R
4.965667,0140,8,CE,CD,19,5A,A8,96,05,34,R
4.969460,0260,8,6F,01,D7,C8,B8,61,60,1D,R
4.976057,0140,8,40,79,6A,FC,8C,00,30,D5,R
4.981950,0316,8,54,C3,A3,A3,3A,BE,30,68,R
4.985990,0140,8,78,4C,86,C9,1E,9E,1E,F2,R
4.989018,0260,8,DE,12,52,7E,82,39,10,A1,R
4.995467,0329,8,F4,7D,BF,EC,3B,B8,91,B3,R
4.996416,0140,8,CB,A1,CF,C5,D2,EE,D5,81,R
5.000000,0000,8,00,00,00,00,00,00,00,00,T
5.000500,0000,8,00,00,00,00,00,00,00,00,T
5.001000,0000,8,00,00,00,00,00,00,00,00,T
5.001500,0000,8,00,00,00,00,00,00,00,00,T
5.002000,0000,8,00,00,00,00,00,00,00,00,T
5.002500,0000,8,00,00,00,00,00,00,00,00,T
5.002540,0316,8,24,81,01,0A,C8,91,0A,E3,R
5.003000,0000,8,00,00,00,00,00,00,00,00,T
5.003500,0000,8,00,00,00,00,00,00,00,00,T
5.004000,0000,8,00,00,00,00,00,00,00,00,T
5.004500,0000,8,00,00,00,00,00,00,00,00,T
5.005000,0000,8,00,00,00,00,00,00,00,00,T
5.005500,0000,8,00,00,00,00,00,00,00,00,T
5.005799,0140,8,C7,DB,72,E0,C8,0B,04,4B,R
5.006000,0000,8,00,00,00,00,00,00,00,00,T
5.006500,0000,8,00,00,00,00,00,00,00,00,T
5.007000,0000,8,00,00,00,00,00,00,00,00,T
5.007500,0000,8,00,00,00,00,00,00,00,00,T
5.008000,0000,8,00,00,00,00,00,00,00,00,T
5.008127,0260,8,4B,7E,4F,52,61,3E,72,1C,R
5.008500,0000,8,00,00,00,00,00,00,00,00,T
5.009000,0000,8,00,00,00,00,00,00,00,00,T
5.009500,0000,8,00,00,00,00,00,00,00,00,T
5.010000,0000,8,00,00,00,00,00,00,00,00,T
5.010500,0000,8,00,00,00,00,00,00,00,00,T
5.011000,0000,8,00,00,00,00,00,00,00,00,T
5.011500,0000,8,00,00,00,00,00,00,00,00,T
5.012000,0000,8,00,00,00,00,00,00,00,00,T
5.012500,0000,8,00,00,00,00,00,00,00,00,T
5.013000,0000,8,00,00,00,00,00,00,00,00,T
5.013500,0000,8,00,00,00,00,00,00,00,00,T
5.014000,0000,8,00,00,00,00,00,00,00,00,T
5.014500,0000,8,00,00,00,00,00,00,00,00,T
5.015000,0000,8,00,00,00,00,00,00,00,00,T
5.015500,0000,8,00,00,00,00,00,00,00,00,T
5.015684,0140,8,CC,DA,80,FF,84,52,26,89,R
5.016000,0000,8,00,00,00,00,00,00,00,00,T
5.016500,0000,8,00,00,00,00,00,00,00,00,T
5.017000,0000,8,00,00,00,00,00,00,00,00,T
5.017500,0000,8,00,00,00,00,00,00,00,00,T
5.018000,0000,8,00,00,00,00,00,00,00,00,T
5.018500,0000,8,00,00,00,00,00,00,00,00,T
5.019000,0000,8,00,00,00,00,00,00,00,00,T
5.019500,0000,8,00,00,00,00,00,00,00,00,T
5.020000,0000,8,00,00,00,00,00,00,00,00,T
5.020500,0000,8,00,00,00,00,00,00,00,00,T
5.021000,0000,8,00,00,00,00,00,00,00,00,T
5.021500,0000,8,00,00,00,00,00,00,00,00,T
5.022000,0000,8,00,00,00,00,00,00,00,00,T
5.022500,0000,8,00,00,00,00,00,00,00,00,T
5.022881,0316,8,D6,E7,FE,07,42,51,AD,01,R
5.023000,0000,8,00,00,00,00,00,00,00,00,T
5.023500,0000,8,00,00,00,00,00,00,00,00,T
5.024000,0000,8,00,00,00,00,00,00,00,00,T
5.024500,0000,8,00,00,00,00,00,00,00,00,T
5.024717,0140,8,0E,17,C4,60,C6,63,60,91,R
5.025000,0000,8,00,00,00,00,00,00,00,00,T
5.025500,0000,8,00,00,00,00,00,00,00,00,T
5.026000,0000,8,00,00,00,00,00,00,00,00,T
5.026500,0000,8,00,00,00,00,00,00,00,00,T
5.027000,0000,8,00,00,00,00,00,00,00,00,T
5.027500,0000,8,00,00,00,00,00,00,00,00,T
5.028000,0000,8,00,00,00,00,00,00,00,00,T
5.028500,0000,8,00,00,00,00,00,00,00,00,T
5.028682,0260,8,C5,AF,5A,C2,50,67,17,7A,R
5.029000,0000,8,00,00,00,00,00,00,00,00,T
5.029500,0000,8,00,00,00,00,00,00,00,00,T
5.030000,0000,8,00,00,00,00,00,00,00,00,T
5.030500,0000,8,00,00,00,00,00,00,00,00,T
5.031000,0000,8,00,00,00,00,00,00,00,00,T
5.031500,0000,8,00,00,00,00,00,00,00,00,T
5.032000,0000,8,00,00,00,00,00,00,00,00,T
5.032500,0000,8,00,00,00,00,00,00,00,00,T
5.033000,0000,8,00,00,00,00,00,00,00,00,T
5.033500,0000,8,00,00,00,00,00,00,00,00,T
5.034000,0000,8,00,00,00,00,00,00,00,00,T
5.034500,0000,8,00,00,00,00,00,00,00,00,T
5.034633,0140,8,C0,F9,0D,56,52,5E,8D,CF,R
5.035000,0000,8,00,00,00,00,00,00,00,00,T
5.035500,0000,8,00,00,00,00,00,00,00,00,T
5.036000,0000,8,00,00,00,00,00,00,00,00,T
5.036500,0000,8,00,00,00,00,00,00,00,00,T
5.037000,0000,8,00,00,00,00,00,00,00,00,T
5.037500,0000,8,00,00,00,00,00,00,00,00,T
5.038000,0000,8,00,00,00,00,00,00,00,00,T
5.038500,0000,8,00,00,00,00,00,00,00,00,T
5.039000,0000,8,00,00,00,00,00,00,00,00,T
5.039044,0430,8,44,F7,42,7E,0F,9E,43,F9,R
5.039500,0000,8,00,00,00,00,00,00,00,00,T
5.040000,0000,8,00,00,00,00,00,00,00,00,T
5.040500,0000,8,00,00,00,00,00,00,00,00,T
5.041000,0000,8,00,00,00,00,00,00,00,00,T
5.041500,0000,8,00,00,00,00,00,00,00,00,T
5.042000,0000,8,00,00,00,00,00,00,00,00,T
5.042500,0000,8,00,00,00,00,00,00,00,00,T
5.043000,0000,8,00,00,00,00,00,00,00,00,T
5.043500,0000,8,00,00,00,00,00,00,00,00,T
5.043813,0316,8,8C,F3,02,BE,27,D1,F1,0F,R
5.044000,0000,8,00,00,00,00,00,00,00,00,T
5.044500,0000,8,00,00,00,00,00,00,00,00,T
5.044599,0140,8,C8,5E,10,54,FF,B1,E5,29,R
5.044802,0329,8,FA,D6,C3,8B,BC,EE,1B,FC,R
5.045000,0000,8,00,00,00,00,00,00,00,00,T
5.045500,0000,8,00,00,00,00,00,00,00,00,T
5.046000,0000,8,00,00,00,00,00,00,00,00,T
5.046500,0000,8,00,00,00,00,00,00,00,00,T
5.047000,0000,8,00,00,00,00,00,00,00,00,T
5.047500,0000,8,00,00,00,00,00,00,00,00,T
5.048000,0000,8,00,00,00,00,00,00,00,00,T
5.048448,0260,8,83,7A,82,EA,73,A1,BF,9D,R
5.048500,0000,8,00,00,00,00,00,00,00,00,T
5.049000,0000,8,00,00,00,00,00,00,00,00,T
5.049500,0000,8,00,00,00,00,00,00,00,00,T
5.050000,0000,8,00,00,00,00,00,00,00,00,T
5.050500,0000,8,00,00,00,00,00,00,00,00,T
5.051000,0000,8,00,00,00,00,00,00,00,00,T
5.051500,0000,8,00,00,00,00,00,00,00,00,T
5.052000,0000,8,00,00,00,00,00,00,00,00,T
5.052500,0000,8,00,00,00,00,00,00,00,00,T
5.053000,0000,8,00,00,00,00,00,00,00,00,T
5.053500,0000,8,00,00,00,00,00,00,00,00,T
5.054000,0000,8,00,00,00,00,00,00,00,00,T
5.054500,0000,8,00,00,00,00,00,00,00,00,T
5.054559,0140,8,91,E3,69,AD,F1,82,1B,46,R
5.055000,0000,8,00,00,00,00,00,00,00,00,T
5.055411,0545,8,C1,75,05,E1,77,49,D3,42,R
5.055500,0000,8,00,00,00,00,00,00,00,00,T
5.056000,0000,8,00,00,00,00,00,00,00,00,T
5.056500,0000,8,00,00,00,00,00,00,00,00,T
5.057000,0000,8,00,00,00,00,00,00,00,00,T
5.057500,0000,8,00,00,00,00,00,00,00,00,T
5.058000,0000,8,00,00,00,00,00,00,00,00,T
5.058500,0000,8,00,00,00,00,00,00,00,00,T
5.059000,0000,8,00,00,00,00,00,00,00,00,T
5.059500,0000,8,00,00,00,00,00,00,00,00,T
5.060000,0000,8,00,00,00,00,00,00,00,00,T
5.060500,0000,8,00,00,00,00,00,00,00,00,T
5.061000,0000,8,00,00,00,00,00,00,00,00,T
5.061500,0000,8,00,00,00,00,00,00,00,00,T
5.062000,0000,8,00,00,00,00,00,00,00,00,T
5.062500,0000,8,00,00,00,00,00,00,00,00,T
5.063000,0000,8,00,00,00,00,00,00,00,00,T
5.063500,0000,8,00,00,00,00,00,00,00,00,T
5.064000,0000,8,00,00,00,00,00,00,00,00,T
5.064030,0316,8,E2,DC,57,FF,1C,B9,35,62,R
5.064500,0000,8,00,00,00,00,00,00,00,00,T
5.064613,0140,8,1F,37,B0,23,B4,77,73,D3,R
5.065000,0000,8,00,00,00,00,00,00,00,00,T
5.065500,0000,8,00,00,00,00,00,00,00,00,T
5.066000,0000,8,00,00,00,00,00,00,00,00,T
5.066500,0000,8,00,00,00,00,00,00,00,00,T
5.067000,0000,8,00,00,00,00,00,00,00,00,T
5.067500,0000,8,00,00,00,00,00,00,00,00,T
5.068000,0000,8,00,00,00,00,00,00,00,00,T
5.068500,0000,8,00,00,00,00,00,00,00,00,T
5.068678,0260,8,B7,56,BB,F2,FF,6F,3E,3C,R
5.069000,0000,8,00,00,00,00,00,00,00,00,T
5.069500,0000,8,00,00,00,00,00,00,00,00,T
5.070000,0000,8,00,00,00,00,00,00,00,00,T
5.070500,0000,8,00,00,00,00,00,00,00,00,T
5.071000,0000,8,00,00,00,00,00,00,00,00,T
5.071500,0000,8,00,00,00,00,00,00,00,00,T
5.072000,0000,8,00,00,00,00,00,00,00,00,T
5.072500,0000,8,00,00,00,00,00,00,00,00,T
5.073000,0000,8,00,00,00,00,00,00,00,00,T
5.073500,0000,8,00,00,00,00,00,00,00,00,T
5.074000,0000,8,00,00,00,00,00,00,00,00,T
5.074352,0140,8,ED,8E,C1,93,E8,2C,AD,C8,R
5.074500,0000,8,00,00,00,00,00,00,00,00,T
5.075000,0000,8,00,00,00,00,00,00,00,00,T
5.075500,0000,8,00,00,00,00,00,00,00,00,T
5.076000,0000,8,00,00,00,00,00,00,00,00,T
5.076500,0000,8,00,00,00,00,00,00,00,00,T
5.077000,0000,8,00,00,00,00,00,00,00,00,T
5.077500,0000,8,00,00,00,00,00,00,00,00,T
5.078000,0000,8,00,00,00,00,00,00,00,00,T
5.078500,0000,8,00,00,00,00,00,00,00,00,T
5.079000,0000,8,00,00,00,00,00,00,00,00,T
5.079500,0000,8,00,00,00,00,00,00,00,00,T
5.080000,0000,8,00,00,00,00,00,00,00,00,T
5.080500,0000,8,00,00,00,00,00,00,00,00,T
5.081000,0000,8,00,00,00,00,00,00,00,00,T
5.081500,0000,8,00,00,00,00,00,00,00,00,T
5.082000,0000,8,00,00,00,00,00,00,00,00,T
5.082500,0000,8,00,00,00,00,00,00,00,00,T
5.083000,0000,8,00,00,00,00,00,00,00,00,T
5.083331,0316,8,C2,93,F8,D5,23,D6,29,86,R
5.083500,0000,8,00,00,00,00,00,00,00,00,T
5.084000,0000,8,00,00,00,00,00,00,00,00,T
5.084500,0000,8,00,00,00,00,00,00,00,00,T
5.084911,0140,8,05,5B,A6,5F,E9,88,FF,E4,R
5.085000,0000,8,00,00,00,00,00,00,00,00,T
5.085500,0000,8,00,00,00,00,00,00,00,00,T
5.086000,0000,8,00,00,00,00,00,00,00,00,T
5.086500,0000,8,00,00,00,00,00,00,00,00,T
5.087000,0000,8,00,00,00,00,00,00,00,00,T
5.087500,0000,8,00,00,00,00,00,00,00,00,T
5.088000,0000,8,00,00,00,00,00,00,00,00,T
5.088266,0260,8,39,C2,63,5D,21,63,BD,6B,R
5.088500,0000,8,00,00,00,00,00,00,00,00,T
5.089000,0000,8,00,00,00,00,00,00,00,00,T
5.089500,0000,8,00,00,00,00,00,00,00,00,T
5.090000,0000,8,00,00,00,00,00,00,00,00,T
5.090500,0000,8,00,00,00,00,00,00,00,00,T
5.091000,0000,8,00,00,00,00,00,00,00,00,T
5.091500,0000,8,00,00,00,00,00,00,00,00,T
5.092000,0000,8,00,00,00,00,00,00,00,00,T
5.092500,0000,8,00,00,00,00,00,00,00,00,T
5.093000,0000,8,00,00,00,00,00,00,00,00,T
5.093500,0000,8,00,00,00,00,00,00,00,00,T
5.094000,0000,8,00,00,00,00,00,00,00,00,T
5.094500,0000,8,00,00,00,00,00,00,00,00,T
5.094581,0140,8,55,3D,49,8C,83,11,E8,00,R
5.095000,0000,8,00,00,00,00,00,00,00,00,T
5.095214,0329,8,23,41,0B,98,15,CA,28,7B,R
5.095500,0000,8,00,00,00,00,00,00,00,00,T
5.096000,0000,8,00,00,00,00,00,00,00,00,T
5.096500,0000,8,00,00,00,00,00,00,00,00,T
5.097000,0000,8,00,00,00,00,00,00,00,00,T
5.097500,0000,8,00,00,00,00,00,00,00,00,T
5.098000,0000,8,00,00,00,00,00,00,00,00,T
5.098500,0000,8,00,00,00,00,00,00,00,00,T
5.099000,0000,8,00,00,00,00,00,00,00,00,T
5.099500,0000,8,00,00,00,00,00,00,00,00,T
5.100000,0000,8,00,00,00,00,00,00,00,00,T
5.100500,0000,8,00,00,00,00,00,00,00,00,T
5.101000,0000,8,00,00,00,00,00,00,00,00,T
5.101500,0000,8,00,00,00,00,00,00,00,00,T
5.102000,0000,8,00,00,00,00,00,00,00,00,T
5.102500,0000,8,00,00,00,00,00,00,00,00,T
5.103000,0000,8,00,00,00,00,00,00,00,00,T
5.103445,0316,8,CB,A6,C0,09,32,97,30,A2,R
5.103500,0000,8,00,00,00,00,00,00,00,00,T
5.104000,0000,8,00,00,00,00,00,00,00,00,T
5.104500,0000,8,00,00,00,00,00,00,00,00,T
5.104685,0140,8,85,6F,EC,25,7E,E6,AD,C2,R
5.105000,0000,8,00,00,00,00,00,00,00,00,T
5.105500,0000,8,00,00,00,00,00,00,00,00,T
5.106000,0000,8,00,00,00,00,00,00,00,00,T
5.106500,0000,8,00,00,00,00,00,00,00,00,T
5.107000,0000,8,00,00,00,00,00,00,00,00,T
5.107500,0000,8,00,00,00,00,00,00,00,00,T
5.108000,0000,8,00,00,00,00,00,00,00,00,T
5.108500,0000,8,00,00,00,00,00,00,00,00,T
5.108534,0260,8,CC,FC,1F,B4,9A,70,66,9A,R
5.109000,0000,8,00,00,00,00,00,00,00,00,T
5.109500,0000,8,00,00,00,00,00,00,00,00,T
5.110000,0000,8,00,00,00,00,00,00,00,00,T
5.110500,0000,8,00,00,00,00,00,00,00,00,T
5.111000,0000,8,00,00,00,00,00,00,00,00,T
5.111500,0000,8,00,00,00,00,00,00,00,00,T
5.112000,0000,8,00,00,00,00,00,00,00,00,T
5.112500,0000,8,00,00,00,00,00,00,00,00,T
5.113000,0000,8,00,00,00,00,00,00,00,00,T
5.113500,0000,8,00,00,00,00,00,00,00,00,T
5.114000,0000,8,00,00,00,00,00,00,00,00,T
5.114500,0000,8,00,00,00,00,00,00,00,00,T
5.115000,0000,8,00,00,00,00,00,00,00,00,T
5.115459,0140,8,5E,AA,DE,91,E3,59,78,5E,R
5.115500,0000,8,00,00,00,00,00,00,00,00,T
5.116000,0000,8,00,00,00,00,00,00,00,00,T
5.116500,0000,8,00,00,00,00,00,00,00,00,T
5.117000,0000,8,00,00,00,00,00,00,00,00,T
5.117500,0000,8,00,00,00,00,00,00,00,00,T
5.118000,0000,8,00,00,00,00,00,00,00,00,T
5.118500,0000,8,00,00,00,00,00,00,00,00,T
5.119000,0000,8,00,00,00,00,00,00,00,00,T
5.119500,0000,8,00,00,00,00,00,00,00,00,T
5.120000,0000,8,00,00,00,00,00,00,00,00,T
5.120500,0000,8,00,00,00,00,00,00,00,00,T
5.121000,0000,8,00,00,00,00,00,00,00,00,T
5.121500,0000,8,00,00,00,00,00,00,00,00,T
5.122000,0000,8,00,00,00,00,00,00,00,00,T
5.122500,0000,8,00,00,00,00,00,00,00,00,T
5.122676,0316,8,53,3D,D8,F2,E7,07,D1,58,R
5.123000,0000,8,00,00,00,00,00,00,00,00,T
5.123500,0000,8,00,00,00,00,00,00,00,00,T
5.124000,0000,8,00,00,00,00,00,00,00,00,T
5.124500,0000,8,00,00,00,00,00,00,00,00,T
5.125000,0000,8,00,00,00,00,00,00,00,00,T
5.125265,0140,8,D5,43,FB,CB,AD,58,EF,D6,R
5.125500,0000,8,00,00,00,00,00,00,00,00,T
5.126000,0000,8,00,00,00,00,00,00,00,00,T
5.126500,0000,8,00,00,00,00,00,00,00,00,T
5.127000,0000,8,00,00,00,00,00,00,00,00,T
5.127500,0000,8,00,00,00,00,00,00,00,00,T
5.127961,0260,8,00,BA,0F,5B,38,D2,D3,A5,R
5.128000,0000,8,00,00,00,00,00,00,00,00,T
5.128500,0000,8,00,00,00,00,00,00,00,00,T
5.129000,0000,8,00,00,00,00,00,00,00,00,T
5.129500,0000,8,00,00,00,00,00,00,00,00,T
5.130000,0000,8,00,00,00,00,00,00,00,00,T
5.130500,0000,8,00,00,00,00,00,00,00,00,T
5.131000,0000,8,00,00,00,00,00,00,00,00,T
5.131500,0000,8,00,00,00,00,00,00,00,00,T
5.132000,0000,8,00,00,00,00,00,00,00,00,T
5.132500,0000,8,00,00,00,00,00,00,00,00,T
5.133000,0000,8,00,00,00,00,00,00,00,00,T
5.133500,0000,8,00,00,00,00,00,00,00,00,T
5.134000,0000,8,00,00,00,00,00,00,00,00,T
5.134500,0000,8,00,00,00,00,00,00,00,00,T
5.135000,0000,8,00,00,00,00,00,00,00,00,T
5.135030,0140,8,21,BE,D3,D3,CE,29,CE,C4,R
5.135500,0000,8,00,00,00,00,00,00,00,00,T
5.136000,0000,8,00,00,00,00,00,00,00,00,T
5.136500,0000,8,00,00,00,00,00,00,00,00,T
5.137000,0000,8,00,00,00,00,00,00,00,00,T
5.137500,0000,8,00,00,00,00,00,00,00,00,T
5.138000,0000,8,00,00,00,00,00,00,00,00,T
5.138500,0000,8,00,00,00,00,00,00,00,00,T
5.138790,0430,8,C4,E3,52,D9,61,06,18,FC,R
5.139000,0000,8,00,00,00,00,00,00,00,00,T
5.139500,0000,8,00,00,00,00,00,00,00,00,T
5.140000,0000,8,00,00,00,00,00,00,00,00,T
5.140500,0000,8,00,00,00,00,00,00,00,00,T
5.141000,0000,8,00,00,00,00,00,00,00,00,T
5.141500,0000,8,00,00,00,00,00,00,00,00,T
5.142000,0000,8,00,00,00,00,00,00,00,00,T
5.142500,0000,8,00,00,00,00,00,00,00,00,T
5.143000,0000,8,00,00,00,00,00,00,00,00,T
5.143146,0316,8,AE,FF,6B,80,0C,A7,7B,72,R
5.143500,0000,8,00,00,00,00,00,00,00,00,T
5.144000,0000,8,00,00,00,00,00,00,00,00,T
5.144231,0140,8,78,0F,82,92,34,F3,8C,EC,R
5.144500,0000,8,00,00,00,00,00,00,00,00,T
5.145000,0000,8,00,00,00,00,00,00,00,00,T
5.145055,0329,8,17,28,5C,74,36,36,1D,6F,R
5.145500,0000,8,00,00,00,00,00,00,00,00,T
5.146000,0000,8,00,00,00,00,00,00,00,00,T
5.146500,0000,8,00,00,00,00,00,00,00,00,T
5.147000,0000,8,00,00,00,00,00,00,00,00,T
5.147446,0260,8,C0,08,EF,D4,C9,87,6D,10,R
5.147500,0000,8,00,00,00,00,00,00,00,00,T
5.148000,0000,8,00,00,00,00,00,00,00,00,T
5.148500,0000,8,00,00,00,00,00,00,00,00,T
5.149000,0000,8,00,00,00,00,00,00,00,00,T
5.149500,0000,8,00,00,00,00,00,00,00,00,T
5.150000,0000,8,00,00,00,00,00,00,00,00,T
5.150500,0000,8,00,00,00,00,00,00,00,00,T
5.151000,0000,8,00,00,00,00,00,00,00,00,T
5.151500,0000,8,00,00,00,00,00,00,00,00,T
5.152000,0000,8,00,00,00,00,00,00,00,00,T
5.152500,0000,8,00,00,00,00,00,00,00,00,T
5.153000,0000,8,00,00,00,00,00,00,00,00,T
5.153500,0000,8,00,00,00,00,00,00,00,00,T
5.154000,0000,8,00,00,00,00,00,00,00,00,T
5.154500,0000,8,00,00,00,00,00,00,00,00,T
5.154635,0545,8,78,51,36,3F,FD,FB,EB,AF,R
5.154675,0140,8,C8,9F,21,2A,03,65,1B,03,R
5.155000,0000,8,00,00,00,00,00,00,00,00,T
5.155500,0000,8,00,00,00,00,00,00,00,00,T
5.156000,0000,8,00,00,00,00,00,00,00,00,T
5.156500,0000,8,00,00,00,00,00,00,00,00,T
5.157000,0000,8,00,00,00,00,00,00,00,00,T
5.157500,0000,8,00,00,00,00,00,00,00,00,T
5.158000,0000,8,00,00,00,00,00,00,00,00,T
5.158500,0000,8,00,00,00,00,00,00,00,00,T
5.159000,0000,8,00,00,00,00,00,00,00,00,T
5.159500,0000,8,00,00,00,00,00,00,00,00,T
5.160000,0000,8,00,00,00,00,00,00,00,00,T
5.160500,0000,8,00,00,00,00,00,00,00,00,T
5.161000,0000,8,00,00,00,00,00,00,00,00,T
5.161500,0000,8,00,00,00,00,00,00,00,00,T
5.162000,0000,8,00,00,00,00,00,00,00,00,T
5.162500,0000,8,00,00,00,00,00,00,00,00,T
5.162558,0316,8,68,35,A7,27,F7,5D,52,C3,R
5.163000,0000,8,00,00,00,00,00,00,00,00,T
5.163500,0000,8,00,00,00,00,00,00,00,00,T
5.164000,0000,8,00,00,00,00,00,00,00,00,T
5.164500,0000,8,00,00,00,00,00,00,00,00,T
5.165000,0000,8,00,00,00,00,00,00,00,00,T
5.165500,0000,8,00,00,00,00,00,00,00,00,T
5.165661,0140,8,F1,87,22,3B,B5,03,3C,48,R
5.166000,0000,8,00,00,00,00,00,00,00,00,T
5.166500,0000,8,00,00,00,00,00,00,00,00,T
5.167000,0000,8,00,00,00,00,00,00,00,00,T
5.167500,0000,8,00,00,00,00,00,00,00,00,T
5.168000,0000,8,00,00,00,00,00,00,00,00,T
5.168266,0260,8,BA,63,D3,D5,AB,7F,70,16,R
5.168500,0000,8,00,00,00,00,00,00,00,00,T
5.169000,0000,8,00,00,00,00,00,00,00,00,T
5.169500,0000,8,00,00,00,00,00,00,00,00,T
5.170000,0000,8,00,00,00,00,00,00,00,00,T
5.170500,0000,8,00,00,00,00,00,00,00,00,T
5.171000,0000,8,00,00,00,00,00,00,00,00,T
5.171500,0000,8,00,00,00,00,00,00,00,00,T
5.172000,0000,8,00,00,00,00,00,00,00,00,T
5.172500,0000,8,00,00,00,00,00,00,00,00,T
5.173000,0000,8,00,00,00,00,00,00,00,00,T
5.173500,0000,8,00,00,00,00,00,00,00,00,T
5.174000,0000,8,00,00,00,00,00,00,00,00,T
5.174500,0000,8,00,00,00,00,00,00,00,00,T
5.174839,0140,8,CC,03,33,5C,E4,B0,FB,AB,R
5.175000,0000,8,00,00,00,00,00,00,00,00,T
5.175500,0000,8,00,00,00,00,00,00,00,00,T
5.176000,0000,8,00,00,00,00,00,00,00,00,T
5.176500,0000,8,00,00,00,00,00,00,00,00,T
5.177000,0000,8,00,00,00,00,00,00,00,00,T
5.177500,0000,8,00,00,00,00,00,00,00,00,T
5.178000,0000,8,00,00,00,00,00,00,00,00,T
5.178500,0000,8,00,00,00,00,00,00,00,00,T
5.179000,0000,8,00,00,00,00,00,00,00,00,T
5.179500,0000,8,00,00,00,00,00,00,00,00,T
5.180000,0000,8,00,00,00,00,00,00,00,00,T
5.180500,0000,8,00,00,00,00,00,00,00,00,T
5.181000,0000,8,00,00,00,00,00,00,00,00,T
5.181500,0000,8,00,00,00,00,00,00,00,00,T
5.182000,0000,8,00,00,00,00,00,00,00,00,T
5.182500,0000,8,00,00,00,00,00,00,00,00,T
5.183000,0000,8,00,00,00,00,00,00,00,00,T
5.183116,0316,8,5D,17,3F,F4,70,1D,C4,95,R
5.183500,0000,8,00,00,00,00,00,00,00,00,T
5.184000,0000,8,00,00,00,00,00,00,00,00,T
5.184500,0000,8,00,00,00,00,00,00,00,00,T
5.185000,0000,8,00,00,00,00,00,00,00,00,T
5.185500,0000,8,00,00,00,00,00,00,00,00,T
5.185815,0140,8,D1,06,B1,65,C9,68,71,E4,R
5.186000,0000,8,00,00,00,00,00,00,00,00,T
5.186500,0000,8,00,00,00,00,00,00,00,00,T
5.187000,0000,8,00,00,00,00,00,00,00,00,T
5.187500,0000,8,00,00,00,00,00,00,00,00,T
5.187504,0260,8,38,B9,49,45,88,6C,83,A0,R
5.188000,0000,8,00,00,00,00,00,00,00,00,T
5.188500,0000,8,00,00,00,00,00,00,00,00,T
5.189000,0000,8,00,00,00,00,00,00,00,00,T
5.189500,0000,8,00,00,00,00,00,00,00,00,T
5.190000,0000,8,00,00,00,00,00,00,00,00,T
5.190500,0000,8,00,00,00,00,00,00,00,00,T
5.191000,0000,8,00,00,00,00,00,00,00,00,T
5.191500,0000,8,00,00,00,00,00,00,00,00,T
5.192000,0000,8,00,00,00,00,00,00,00,00,T
5.192500,0000,8,00,00,00,00,00,00,00,00,T
5.193000,0000,8,00,00,00,00,00,00,00,00,T
5.193500,0000,8,00,00,00,00,00,00,00,00,T
5.194000,0000,8,00,00,00,00,00,00,00,00,T
5.194500,0000,8,00,00,00,00,00,00,00,00,T
5.195000,0000,8,00,00,00,00,00,00,00,00,T
5.195500,0000,8,00,00,00,00,00,00,00,00,T
5.195724,0329,8,0E,CB,44,AE,06,D0,F1,D6,R
5.196000,0000,8,00,00,00,00,00,00,00,00,T
5.196382,0140,8,58,9F,55,A1,2F,7D,4E,B9,R
5.196500,0000,8,00,00,00,00,00,00,00,00,T
5.197000,0000,8,00,00,00,00,00,00,00,00,T
5.197500,0000,8,00,00,00,00,00,00,00,00,T
5.198000,0000,8,00,00,00,00,00,00,00,00,T
5.198500,0000,8,00,00,00,00,00,00,00,00,T
5.199000,0000,8,00,00,00,00,00,00,00,00,T
5.199500,0000,8,00,00,00,00,00,00,00,00,T
5.200000,0000,8,00,00,00,00,00,00,00,00,T
5.200500,0000,8,00,00,00,00,00,00,00,00,T
5.201000,0000,8,00,00,00,00,00,00,00,00,T
5.201500,0000,8,00,00,00,00,00,00,00,00,T
5.202000,0000,8,00,00,00,00,00,00,00,00,T
5.202500,0000,8,00,00,00,00,00,00,00,00,T
5.202601,0316,8,D0,60,B3,15,51,15,40,A2,R
5.203000,0000,8,00,00,00,00,00,00,00,00,T
5.203500,0000,8,00,00,00,00,00,00,00,00,T
5.204000,0000,8,00,00,00,00,00,00,00,00,T
5.204500,0000,8,00,00,00,00,00,00,00,00,T
5.205000,0000,8,00,00,00,00,00,00,00,00,T
5.205500,0000,8,00,00,00,00,00,00,00,00,T
5.206000,0000,8,00,00,00,00,00,00,00,00,T
5.206500,0000,8,00,00,00,00,00,00,00,00,T
5.207000,0000,8,00,00,00,00,00,00,00,00,T
5.207271,0140,8,90,6F,E9,8B,B4,1A,D8,55,R
5.207500,0000,8,00,00,00,00,00,00,00,00,T
5.208000,0000,8,00,00,00,00,00,00,00,00,T
5.208119,0260,8,84,E6,EB,01,52,ED,61,68,R
5.208500,0000,8,00,00,00,00,00,00,00,00,T
5.209000,0000,8,00,00,00,00,00,00,00,00,T
5.209500,0000,8,00,00,00,00,00,00,00,00,T
5.210000,0000,8,00,00,00,00,00,00,00,00,T
5.210500,0000,8,00,00,00,00,00,00,00,00,T
5.211000,0000,8,00,00,00,00,00,00,00,00,T
5.211500,0000,8,00,00,00,00,00,00,00,00,T
5.212000,0000,8,00,00,00,00,00,00,00,00,T
5.212500,0000,8,00,00,00,00,00,00,00,00,T
5.213000,0000,8,00,00,00,00,00,00,00,00,T
5.213500,0000,8,00,00,00,00,00,00,00,00,T
5.214000,0000,8,00,00,00,00,00,00,00,00,T
5.214500,0000,8,00,00,00,00,00,00,00,00,T
5.215000,0000,8,00,00,00,00,00,00,00,00,T
5.215500,0000,8,00,00,00,00,00,00,00,00,T
5.216000,0000,8,00,00,00,00,00,00,00,00,T
5.216500,0000,8,00,00,00,00,00,00,00,00,T
5.217000,0000,8,00,00,00,00,00,00,00,00,T
5.217500,0000,8,00,00,00,00,00,00,00,00,T
5.217892,0140,8,3B,7B,34,78,30,22,53,11,R
5.218000,0000,8,00,00,00,00,00,00,00,00,T
5.218500,0000,8,00,00,00,00,00,00,00,00,T
5.219000,0000,8,00,00,00,00,00,00,00,00,T
5.219500,0000,8,00,00,00,00,00,00,00,00,T
5.220000,0000,8,00,00,00,00,00,00,00,00,T
5.220500,0000,8,00,00,00,00,00,00,00,00,T
5.221000,0000,8,00,00,00,00,00,00,00,00,T
5.221500,0000,8,00,00,00,00,00,00,00,00,T
5.222000,0000,8,00,00,00,00,00,00,00,00,T
5.222500,0000,8,00,00,00,00,00,00,00,00,T
5.222850,0316,8,57,B8,71,87,AE,CC,6F,3D,R
5.223000,0000,8,00,00,00,00,00,00,00,00,T
5.223500,0000,8,00,00,00,00,00,00,00,00,T
5.224000,0000,8,00,00,00,00,00,00,00,00,T
5.224500,0000,8,00,00,00,00,00,00,00,00,T
5.225000,0000,8,00,00,00,00,00,00,00,00,T
5.225500,0000,8,00,00,00,00,00,00,00,00,T
5.226000,0000,8,00,00,00,00,00,00,00,00,T
5.226500,0000,8,00,00,00,00,00,00,00,00,T
5.227000,0000,8,00,00,00,00,00,00,00,00,T
5.227500,0000,8,00,00,00,00,00,00,00,00,T
5.227637,0260,8,19,E8,FF,07,CB,E2,39,49,R
5.228000,0000,8,00,00,00,00,00,00,00,00,T
5.228482,0140,8,6D,B7,E7,58,72,71,14,3B,R
5.228500,0000,8,00,00,00,00,00,00,00,00,T
5.229000,0000,8,00,00,00,00,00,00,00,00,T
5.229500,0000,8,00,00,00,00,00,00,00,00,T
5.230000,0000,8,00,00,00,00,00,00,00,00,T
5.230500,0000,8,00,00,00,00,00,00,00,00,T
5.231000,0000,8,00,00,00,00,00,00,00,00,T
5.231500,0000,8,00,00,00,00,00,00,00,00,T
5.232000,0000,8,00,00,00,00,00,00,00,00,T
5.232500,0000,8,00,00,00,00,00,00,00,00,T
5.233000,0000,8,00,00,00,00,00,00,00,00,T
5.233500,0000,8,00,00,00,00,00,00,00,00,T
5.234000,0000,8,00,00,00,00,00,00,00,00,T
5.234500,0000,8,00,00,00,00,00,00,00,00,T
5.235000,0000,8,00,00,00,00,00,00,00,00,T
5.235500,0000,8,00,00,00,00,00,00,00,00,T
5.236000,0000,8,00,00,00,00,00,00,00,00,T
5.236500,0000,8,00,00,00,00,00,00,00,00,T
5.237000,0000,8,00,00,00,00,00,00,00,00,T
5.237500,0000,8,00,00,00,00,00,00,00,00,T
5.238000,0000,8,00,00,00,00,00,00,00,00,T
5.238500,0000,8,00,00,00,00,00,00,00,00,T
5.238811,0140,8,8A,A5,59,69,A5,B7,2C,73,R
5.239000,0000,8,00,00,00,00,00,00,00,00,T
5.239420,0430,8,84,08,57,F4,AF,69,C2,C3,R
5.239500,0000,8,00,00,00,00,00,00,00,00,T
5.240000,0000,8,00,00,00,00,00,00,00,00,T
5.240500,0000,8,00,00,00,00,00,00,00,00,T
5.241000,0000,8,00,00,00,00,00,00,00,00,T
5.241500,0000,8,00,00,00,00,00,00,00,00,T
5.242000,0000,8,00,00,00,00,00,00,00,00,T
5.242111,0316,8,5B,2D,E0,99,6D,B5,48,5C,R
5.242500,0000,8,00,00,00,00,00,00,00,00,T
5.243000,0000,8,00,00,00,00,00,00,00,00,T
5.243500,0000,8,00,00,00,00,00,00,00,00,T
5.244000,0000,8,00,00,00,00,00,00,00,00,T
5.244500,0000,8,00,00,00,00,00,00,00,00,T
5.245000,0000,8,00,00,00,00,00,00,00,00,T
5.245500,0000,8,00,00,00,00,00,00,00,00,T
5.245696,0329,8,B4,E7,B8,68,88,83,C8,42,R
5.246000,0000,8,00,00,00,00,00,00,00,00,T
5.246500,0000,8,00,00,00,00,00,00,00,00,T
5.247000,0000,8,00,00,00,00,00,00,00,00,T
5.247500,0000,8,00,00,00,00,00,00,00,00,T
5.248000,0000,8,00,00,00,00,00,00,00,00,T
5.248039,0260,8,C3,60,F2,91,AD,5A,0F,5E,R
5.248500,0000,8,00,00,00,00,00,00,00,00,T
5.248879,0140,8,5B,56,67,27,54,02,72,22,R
5.249000,0000,8,00,00,00,00,00,00,00,00,T
5.249500,0000,8,00,00,00,00,00,00,00,00,T
5.250000,0000,8,00,00,00,00,00,00,00,00,T
5.250500,0000,8,00,00,00,00,00,00,00,00,T
5.251000,0000,8,00,00,00,00,00,00,00,00,T
5.251500,0000,8,00,00,00,00,00,00,00,00,T
5.252000,0000,8,00,00,00,00,00,00,00,00,T
5.252500,0000,8,00,00,00,00,00,00,00,00,T
5.253000,0000,8,00,00,00,00,00,00,00,00,T
5.253500,0000,8,00,00,00,00,00,00,00,00,T
5.254000,0000,8,00,00,00,00,00,00,00,00,T
5.254500,0000,8,00,00,00,00,00,00,00,00,T
5.254794,0545,8,99,32,B2,72,14,6E,C1,1A,R
5.255000,0000,8,00,00,00,00,00,00,00,00,T
5.255500,0000,8,00,00,00,00,00,00,00,00,T
5.256000,0000,8,00,00,00,00,00,00,00,00,T
5.256500,0000,8,00,00,00,00,00,00,00,00,T
5.257000,0000,8,00,00,00,00,00,00,00,00,T
5.257500,0000,8,00,00,00,00,00,00,00,00,T
5.258000,0000,8,00,00,00,00,00,00,00,00,T
5.258500,0000,8,00,00,00,00,00,00,00,00,T
5.259000,0000,8,00,00,00,00,00,00,00,00,T
5.259190,0140,8,E8,D7,6B,33,2E,88,E0,A5,R
5.259500,0000,8,00,00,00,00,00,00,00,00,T
5.260000,0000,8,00,00,00,00,00,00,00,00,T
5.260500,0000,8,00,00,00,00,00,00,00,00,T
5.261000,0000,8,00,00,00,00,00,00,00,00,T
5.261500,0000,8,00,00,00,00,00,00,00,00,T
5.261690,0316,8,3D,FB,E7,BA,55,B1,F3,BE,R
5.262000,0000,8,00,00,00,00,00,00,00,00,T
5.262500,0000,8,00,00,00,00,00,00,00,00,T
5.263000,0000,8,00,00,00,00,00,00,00,00,T
5.263500,0000,8,00,00,00,00,00,00,00,00,T
5.264000,0000,8,00,00,00,00,00,00,00,00,T
5.264500,0000,8,00,00,00,00,00,00,00,00,T
5.265000,0000,8,00,00,00,00,00,00,00,00,T
5.265500,0000,8,00,00,00,00,00,00,00,00,T
5.266000,0000,8,00,00,00,00,00,00,00,00,T
5.266500,0000,8,00,00,00,00,00,00,00,00,T
5.267000,0000,8,00,00,00,00,00,00,00,00,T
5.267336,0260,8,65,2D,28,72,89,13,8B,FF,R
5.267500,0000,8,00,00,00,00,00,00,00,00,T
5.268000,0000,8,00,00,00,00,00,00,00,00,T
5.268500,0000,8,00,00,00,00,00,00,00,00,T
5.269000,0000,8,00,00,00,00,00,00,00,00,T
5.269142,0140,8,58,81,72,61,C3,90,64,B2,R
5.269500,0000,8,00,00,00,00,00,00,00,00,T
5.270000,0000,8,00,00,00,00,00,00,00,00,T
5.270500,0000,8,00,00,00,00,00,00,00,00,T
5.271000,0000,8,00,00,00,00,00,00,00,00,T
5.271500,0000,8,00,00,00,00,00,00,00,00,T
5.272000,0000,8,00,00,00,00,00,00,00,00,T
5.272500,0000,8,00,00,00,00,00,00,00,00,T
5.273000,0000,8,00,00,00,00,00,00,00,00,T
5.273500,0000,8,00,00,00,00,00,00,00,00,T
5.274000,0000,8,00,00,00,00,00,00,00,00,T
5.274500,0000,8,00,00,00,00,00,00,00,00,T
5.275000,0000,8,00,00,00,00,00,00,00,00,T
5.275500,0000,8,00,00,00,00,00,00,00,00,T
5.276000,0000,8,00,00,00,00,00,00,00,00,T
5.276500,0000,8,00,00,00,00,00,00,00,00,T
5.277000,0000,8,00,00,00,00,00,00,00,00,T
5.277500,0000,8,00,00,00,00,00,00,00,00,T
5.278000,0000,8,00,00,00,00,00,00,00,00,T
5.278500,0000,8,00,00,00,00,00,00,00,00,T
5.279000,0000,8,00,00,00,00,00,00,00,00,T
5.279438,0140,8,E1,9B,5A,B8,39,9D,76,47,R
5.279500,0000,8,00,00,00,00,00,00,00,00,T
5.280000,0000,8,00,00,00,00,00,00,00,00,T
5.280500,0000,8,00,00,00,00,00,00,00,00,T
5.281000,0000,8,00,00,00,00,00,00,00,00,T
5.281500,0000,8,00,00,00,00,00,00,00,00,T
5.282000,0000,8,00,00,00,00,00,00,00,00,T
5.282073,0316,8,3D,2B,70,C0,B2,A8,3F,4A,R
5.282500,0000,8,00,00,00,00,00,00,00,00,T
5.283000,0000,8,00,00,00,00,00,00,00,00,T
5.283500,0000,8,00,00,00,00,00,00,00,00,T
5.284000,0000,8,00,00,00,00,00,00,00,00,T
5.284500,0000,8,00,00,00,00,00,00,00,00,T
5.285000,0000,8,00,00,00,00,00,00,00,00,T
5.285500,0000,8,00,00,00,00,00,00,00,00,T
5.286000,0000,8,00,00,00,00,00,00,00,00,T
5.286500,0000,8,00,00,00,00,00,00,00,00,T
5.286841,0260,8,16,99,AF,79,AA,57,45,9D,R
5.287000,0000,8,00,00,00,00,00,00,00,00,T
5.287500,0000,8,00,00,00,00,00,00,00,00,T
5.288000,0000,8,00,00,00,00,00,00,00,00,T
5.288500,0000,8,00,00,00,00,00,00,00,00,T
5.289000,0000,8,00,00,00,00,00,00,00,00,T
5.289500,0000,8,00,00,00,00,00,00,00,00,T
5.290000,0000,8,00,00,00,00,00,00,00,00,T
5.290155,0140,8,08,69,3B,F7,AB,B4,11,4B,R
5.290500,0000,8,00,00,00,00,00,00,00,00,T
5.291000,0000,8,00,00,00,00,00,00,00,00,T
5.291500,0000,8,00,00,00,00,00,00,00,00,T
5.292000,0000,8,00,00,00,00,00,00,00,00,T
5.292500,0000,8,00,00,00,00,00,00,00,00,T
5.293000,0000,8,00,00,00,00,00,00,00,00,T
5.293500,0000,8,00,00,00,00,00,00,00,00,T
5.294000,0000,8,00,00,00,00,00,00,00,00,T
5.294500,0000,8,00,00,00,00,00,00,00,00,T
5.295000,0000,8,00,00,00,00,00,00,00,00,T
5.295500,0000,8,00,00,00,00,00,00,00,00,T
5.296000,0000,8,00,00,00,00,00,00,00,00,T
5.296472,0329,8,08,65,54,9B,58,43,40,0F,R
5.296500,0000,8,00,00,00,00,00,00,00,00,T
5.297000,0000,8,00,00,00,00,00,00,00,00,T
5.297500,0000,8,00,00,00,00,00,00,00,00,T
5.298000,0000,8,00,00,00,00,00,00,00,00,T
5.298500,0000,8,00,00,00,00,00,00,00,00,T
5.299000,0000,8,00,00,00,00,00,00,00,00,T
5.299500,0000,8,00,00,00,00,00,00,00,00,T
5.299861,0140,8,A3,80,62,58,57,FA,76,7E,R
5.300000,0000,8,00,00,00,00,00,00,00,00,T
5.300500,0000,8,00,00,00,00,00,00,00,00,T
5.301000,0000,8,00,00,00,00,00,00,00,00,T
5.301500,0000,8,00,00,00,00,00,00,00,00,T
5.302000,0000,8,00,00,00,00,00,00,00,00,T
5.302003,0316,8,59,3C,92,00,48,61,44,09,R
5.302500,0000,8,00,00,00,00,00,00,00,00,T
5.303000,0000,8,00,00,00,00,00,00,00,00,T
5.303500,0000,8,00,00,00,00,00,00,00,00,T
5.304000,0000,8,00,00,00,00,00,00,00,00,T
5.304500,0000,8,00,00,00,00,00,00,00,00,T
5.305000,0000,8,00,00,00,00,00,00,00,00,T
5.305500,0000,8,00,00,00,00,00,00,00,00,T
5.306000,0000,8,00,00,00,00,00,00,00,00,T
5.306500,0000,8,00,00,00,00,00,00,00,00,T
5.307000,0000,8,00,00,00,00,00,00,00,00,T
5.307216,0260,8,C1,ED,A1,14,70,84,00,4F,R
5.307500,0000,8,00,00,00,00,00,00,00,00,T
5.308000,0000,8,00,00,00,00,00,00,00,00,T
5.308500,0000,8,00,00,00,00,00,00,00,00,T
5.309000,0000,8,00,00,00,00,00,00,00,00,T
5.309500,0000,8,00,00,00,00,00,00,00,00,T
5.310000,0000,8,00,00,00,00,00,00,00,00,T
5.310434,0140,8,D7,E3,C7,01,EC,8B,53,36,R
5.310500,0000,8,00,00,00,00,00,00,00,00,T
5.311000,0000,8,00,00,00,00,00,00,00,00,T
5.311500,0000,8,00,00,00,00,00,00,00,00,T
5.312000,0000,8,00,00,00,00,00,00,00,00,T
5.312500,0000,8,00,00,00,00,00,00,00,00,T
5.313000,0000,8,00,00,00,00,00,00,00,00,T
5.313500,0000,8,00,00,00,00,00,00,00,00,T
5.314000,0000,8,00,00,00,00,00,00,00,00,T
5.314500,0000,8,00,00,00,00,00,00,00,00,T
5.315000,0000,8,00,00,00,00,00,00,00,00,T
5.315500,0000,8,00,00,00,00,00,00,00,00,T
5.316000,0000,8,00,00,00,00,00,00,00,00,T
5.316500,0000,8,00,00,00,00,00,00,00,00,T
5.317000,0000,8,00,00,00,00,00,00,00,00,T
5.317500,0000,8,00,00,00,00,00,00,00,00,T
5.318000,0000,8,00,00,00,00,00,00,00,00,T
5.318500,0000,8,00,00,00,00,00,00,00,00,T
5.319000,0000,8,00,00,00,00,00,00,00,00,T
5.319500,0000,8,00,00,00,00,00,00,00,00,T
5.319740,0140,8,C6,32,1D,10,21,61,6E,E7,R
5.320000,0000,8,00,00,00,00,00,00,00,00,T
5.320500,0000,8,00,00,00,00,00,00,00,00,T
5.321000,0000,8,00,00,00,00,00,00,00,00,T
5.321500,0000,8,00,00,00,00,00,00,00,00,T
5.322000,0000,8,00,00,00,00,00,00,00,00,T
5.322257,0316,8,24,40,ED,D0,06,CA,86,50,R
5.322500,0000,8,00,00,00,00,00,00,00,00,T
5.323000,0000,8,00,00,00,00,00,00,00,00,T
5.323500,0000,8,00,00,00,00,00,00,00,00,T
5.324000,0000,8,00,00,00,00,00,00,00,00,T
5.324500,0000,8,00,00,00,00,00,00,00,00,T
5.325000,0000,8,00,00,00,00,00,00,00,00,T
5.325500,0000,8,00,00,00,00,00,00,00,00,T
5.326000,0000,8,00,00,00,00,00,00,00,00,T
5.326500,0000,8,00,00,00,00,00,00,00,00,T
5.327000,0000,8,00,00,00,00,00,00,00,00,T
5.327500,0000,8,00,00,00,00,00,00,00,00,T
5.327703,0260,8,BB,96,3E,61,84,D5,C5,D6,R
5.328000,0000,8,00,00,00,00,00,00,00,00,T
5.328500,0000,8,00,00,00,00,00,00,00,00,T
5.329000,0000,8,00,00,00,00,00,00,00,00,T
5.329500,0000,8,00,00,00,00,00,00,00,00,T
5.329646,0140,8,C1,C3,CE,AF,A8,07,07,0E,R
5.330000,0000,8,00,00,00,00,00,00,00,00,T
5.330500,0000,8,00,00,00,00,00,00,00,00,T
5.331000,0000,8,00,00,00,00,00,00,00,00,T
5.331500,0000,8,00,00,00,00,00,00,00,00,T
5.332000,0000,8,00,00,00,00,00,00,00,00,T
5.332500,0000,8,00,00,00,00,00,00,00,00,T
5.333000,0000,8,00,00,00,00,00,00,00,00,T
5.333500,0000,8,00,00,00,00,00,00,00,00,T
5.334000,0000,8,00,00,00,00,00,00,00,00,T
5.334500,0000,8,00,00,00,00,00,00,00,00,T
5.335000,0000,8,00,00,00,00,00,00,00,00,T
5.335500,0000,8,00,00,00,00,00,00,00,00,T
5.336000,0000,8,00,00,00,00,00,00,00,00,T
5.336500,0000,8,00,00,00,00,00,00,00,00,T
5.337000,0000,8,00,00,00,00,00,00,00,00,T
5.337500,0000,8,00,00,00,00,00,00,00,00,T
5.338000,0000,8,00,00,00,00,00,00,00,00,T
5.338500,0000,8,00,00,00,00,00,00,00,00,T
5.338881,0140,8,E8,95,00,84,4F,80,DE,8A,R
5.339000,0000,8,00,00,00,00,00,00,00,00,T
5.339227,0430,8,14,60,BE,1C,16,85,B0,D2,R
5.339500,0000,8,00,00,00,00,00,00,00,00,T
5.340000,0000,8,00,00,00,00,00,00,00,00,T
5.340500,0000,8,00,00,00,00,00,00,00,00,T
5.341000,0000,8,00,00,00,00,00,00,00,00,T
5.341500,0000,8,00,00,00,00,00,00,00,00,T
5.342000,0000,8,00,00,00,00,00,00,00,00,T
5.342439,0316,8,24,E2,B9,61,E5,FF,99,07,R
5.342500,0000,8,00,00,00,00,00,00,00,00,T
5.343000,0000,8,00,00,00,00,00,00,00,00,T
5.343500,0000,8,00,00,00,00,00,00,00,00,T
5.344000,0000,8,00,00,00,00,00,00,00,00,T
5.344500,0000,8,00,00,00,00,00,00,00,00,T
5.345000,0000,8,00,00,00,00,00,00,00,00,T
5.345500,0000,8,00,00,00,00,00,00,00,00,T
5.345739,0329,8,C9,5D,D0,76,A5,B2,E7,42,R
5.346000,0000,8,00,00,00,00,00,00,00,00,T
5.346500,0000,8,00,00,00,00,00,00,00,00,T
5.347000,0000,8,00,00,00,00,00,00,00,00,T
5.347013,0260,8,11,11,AE,03,9B,8F,6E,98,R
5.347500,0000,8,00,00,00,00,00,00,00,00,T
5.348000,0000,8,00,00,00,00,00,00,00,00,T
5.348381,0140,8,FB,AA,4F,2E,56,01,7B,59,R
5.348500,0000,8,00,00,00,00,00,00,00,00,T
5.349000,0000,8,00,00,00,00,00,00,00,00,T
5.349500,0000,8,00,00,00,00,00,00,00,00,T
5.350000,0000,8,00,00,00,00,00,00,00,00,T
5.350500,0000,8,00,00,00,00,00,00,00,00,T
5.351000,0000,8,00,00,00,00,00,00,00,00,T
5.351500,0000,8,00,00,00,00,00,00,00,00,T
5.352000,0000,8,00,00,00,00,00,00,00,00,T
5.352500,0000,8,00,00,00,00,00,00,00,00,T
5.353000,0000,8,00,00,00,00,00,00,00,00,T
5.353500,0000,8,00,00,00,00,00,00,00,00,T
5.354000,0000,8,00,00,00,00,00,00,00,00,T
5.354066,0545,8,E1,3E,07,A1,A6,F6,EE,3C,R
5.354500,0000,8,00,00,00,00,00,00,00,00,T
5.355000,0000,8,00,00,00,00,00,00,00,00,T
5.355500,0000,8,00,00,00,00,00,00,00,00,T
5.356000,0000,8,00,00,00,00,00,00,00,00,T
5.356500,0000,8,00,00,00,00,00,00,00,00,T
5.357000,0000,8,00,00,00,00,00,00,00,00,T
5.357500,0000,8,00,00,00,00,00,00,00,00,T
5.358000,0000,8,00,00,00,00,00,00,00,00,T
5.358220,0140,8,E6,74,BC,33,A6,B4,C6,2B,R
5.358500,0000,8,00,00,00,00,00,00,00,00,T
5.359000,0000,8,00,00,00,00,00,00,00,00,T
5.359500,0000,8,00,00,00,00,00,00,00,00,T
5.360000,0000,8,00,00,00,00,00,00,00,00,T
5.360500,0000,8,00,00,00,00,00,00,00,00,T
5.361000,0000,8,00,00,00,00,00,00,00,00,T
5.361500,0000,8,00,00,00,00,00,00,00,00,T
5.361908,0316,8,1A,BD,C3,1D,D9,FE,27,AE,R
5.362000,0000,8,00,00,00,00,00,00,00,00,T
5.362500,0000,8,00,00,00,00,00,00,00,00,T
5.363000,0000,8,00,00,00,00,00,00,00,00,T
5.363500,0000,8,00,00,00,00,00,00,00,00,T
5.364000,0000,8,00,00,00,00,00,00,00,00,T
5.364500,0000,8,00,00,00,00,00,00,00,00,T
5.365000,0000,8,00,00,00,00,00,00,00,00,T
5.365500,0000,8,00,00,00,00,00,00,00,00,T
5.366000,0000,8,00,00,00,00,00,00,00,00,T
5.366500,0000,8,00,00,00,00,00,00,00,00,T
5.366829,0260,8,64,FE,01,F5,55,09,2C,EB,R
5.367000,0000,8,00,00,00,00,00,00,00,00,T
5.367500,0000,8,00,00,00,00,00,00,00,00,T
5.368000,0000,8,00,00,00,00,00,00,00,00,T
5.368500,0000,8,00,00,00,00,00,00,00,00,T
5.369000,0000,8,00,00,00,00,00,00,00,00,T
5.369138,0140,8,53,EF,6A,22,D4,8B,CA,AB,R
5.369500,0000,8,00,00,00,00,00,00,00,00,T
5.370000,0000,8,00,00,00,00,00,00,00,00,T
5.370500,0000,8,00,00,00,00,00,00,00,00,T
5.371000,0000,8,00,00,00,00,00,00,00,00,T
5.371500,0000,8,00,00,00,00,00,00,00,00,T
5.372000,0000,8,00,00,00,00,00,00,00,00,T
5.372500,0000,8,00,00,00,00,00,00,00,00,T
5.373000,0000,8,00,00,00,00,00,00,00,00,T
5.373500,0000,8,00,00,00,00,00,00,00,00,T
5.374000,0000,8,00,00,00,00,00,00,00,00,T
5.374500,0000,8,00,00,00,00,00,00,00,00,T
5.375000,0000,8,00,00,00,00,00,00,00,00,T
5.375500,0000,8,00,00,00,00,00,00,00,00,T
5.376000,0000,8,00,00,00,00,00,00,00,00,T
5.376500,0000,8,00,00,00,00,00,00,00,00,T
5.377000,0000,8,00,00,00,00,00,00,00,00,T
5.377500,0000,8,00,00,00,00,00,00,00,00,T
5.378000,0000,8,00,00,00,00,00,00,00,00,T
5.378500,0000,8,00,00,00,00,00,00,00,00,T
5.379000,0000,8,00,00,00,00,00,00,00,00,T
5.379500,0000,8,00,00,00,00,00,00,00,00,T
5.379666,0140,8,C6,CF,72,B4,A5,4D,CE,43,R
5.380000,0000,8,00,00,00,00,00,00,00,00,T
5.380500,0000,8,00,00,00,00,00,00,00,00,T
5.381000,0000,8,00,00,00,00,00,00,00,00,T
5.381410,0316,8,02,01,46,A7,0B,41,6D,76,R
5.381500,0000,8,00,00,00,00,00,00,00,00,T
5.382000,0000,8,00,00,00,00,00,00,00,00,T
5.382500,0000,8,00,00,00,00,00,00,00,00,T
5.383000,0000,8,00,00,00,00,00,00,00,00,T
5.383500,0000,8,00,00,00,00,00,00,00,00,T
5.384000,0000,8,00,00,00,00,00,00,00,00,T
5.384500,0000,8,00,00,00,00,00,00,00,00,T
5.385000,0000,8,00,00,00,00,00,00,00,00,T
5.385500,0000,8,00,00,00,00,00,00,00,00,T
5.386000,0000,8,00,00,00,00,00,00,00,00,T
5.386500,0000,8,00,00,00,00,00,00,00,00,T
5.386540,0260,8,89,B7,FC,A5,A7,36,C3,28,R
5.387000,0000,8,00,00,00,00,00,00,00,00,T
5.387500,0000,8,00,00,00,00,00,00,00,00,T
5.388000,0000,8,00,00,00,00,00,00,00,00,T
5.388500,0000,8,00,00,00,00,00,00,00,00,T
5.389000,0000,8,00,00,00,00,00,00,00,00,T
5.389500,0000,8,00,00,00,00,00,00,00,00,T
5.390000,0000,8,00,00,00,00,00,00,00,00,T
5.390113,0140,8,8E,B1,EC,A6,33,67,27,AF,R
5.390500,0000,8,00,00,00,00,00,00,00,00,T
5.391000,0000,8,00,00,00,00,00,00,00,00,T
5.391500,0000,8,00,00,00,00,00,00,00,00,T
5.392000,0000,8,00,00,00,00,00,00,00,00,T
5.392500,0000,8,00,00,00,00,00,00,00,00,T
5.393000,0000,8,00,00,00,00,00,00,00,00,T
5.393500,0000,8,00,00,00,00,00,00,00,00,T
5.394000,0000,8,00,00,00,00,00,00,00,00,T
5.394500,0000,8,00,00,00,00,00,00,00,00,T
5.395000,0000,8,00,00,00,00,00,00,00,00,T
5.395093,0329,8,CA,3F,8B,B0,73,D8,18,7D,R
5.395500,0000,8,00,00,00,00,00,00,00,00,T
5.396000,0000,8,00,00,00,00,00,00,00,00,T
5.396500,0000,8,00,00,00,00,00,00,00,00,T
5.397000,0000,8,00,00,00,00,00,00,00,00,T
5.397500,0000,8,00,00,00,00,00,00,00,00,T
5.398000,0000,8,00,00,00,00,00,00,00,00,T
5.398500,0000,8,00,00,00,00,00,00,00,00,T
5.399000,0000,8,00,00,00,00,00,00,00,00,T
5.399500,0000,8,00,00,00,00,00,00,00,00,T
5.400000,0000,8,00,00,00,00,00,00,00,00,T
5.400500,0000,8,00,00,00,00,00,00,00,00,T
5.400638,0140,8,C1,BB,61,4C,29,0E,EB,0F,R
5.401000,0000,8,00,00,00,00,00,00,00,00,T
5.401500,0000,8,00,00,00,00,00,00,00,00,T
5.401981,0316,8,22,E3,7A,43,8D,96,AA,A8,R
5.402000,0000,8,00,00,00,00,00,00,00,00,T
5.402500,0000,8,00,00,00,00,00,00,00,00,T
5.403000,0000,8,00,00,00,00,00,00,00,00,T
5.403500,0000,8,00,00,00,00,00,00,00,00,T
5.404000,0000,8,00,00,00,00,00,00,00,00,T
5.404500,0000,8,00,00,00,00,00,00,00,00,T
5.405000,0000,8,00,00,00,00,00,00,00,00,T
5.405500,0000,8,00,00,00,00,00,00,00,00,T
5.406000,0000,8,00,00,00,00,00,00,00,00,T
5.406263,0260,8,C1,F2,FC,AC,48,70,F7,0A,R
5.406500,0000,8,00,00,00,00,00,00,00,00,T
5.407000,0000,8,00,00,00,00,00,00,00,00,T
5.407500,0000,8,00,00,00,00,00,00,00,00,T
5.408000,0000,8,00,00,00,00,00,00,00,00,T
5.408500,0000,8,00,00,00,00,00,00,00,00,T
5.409000,0000,8,00,00,00,00,00,00,00,00,T
5.409500,0000,8,00,00,00,00,00,00,00,00,T
5.410000,0000,8,00,00,00,00,00,00,00,00,T
5.410500,0000,8,00,00,00,00,00,00,00,00,T
5.411000,0000,8,00,00,00,00,00,00,00,00,T
5.411500,0000,8,00,00,00,00,00,00,00,00,T
5.411522,0140,8,41,7C,08,24,C7,E2,1B,C7,R
5.412000,0000,8,00,00,00,00,00,00,00,00,T
5.412500,0000,8,00,00,00,00,00,00,00,00,T
5.413000,0000,8,00,00,00,00,00,00,00,00,T
5.413500,0000,8,00,00,00,00,00,00,00,00,T
5.414000,0000,8,00,00,00,00,00,00,00,00,T
5.414500,0000,8,00,00,00,00,00,00,00,00,T
5.415000,0000,8,00,00,00,00,00,00,00,00,T
5.415500,0000,8,00,00,00,00,00,00,00,00,T
5.416000,0000,8,00,00,00,00,00,00,00,00,T
5.416500,0000,8,00,00,00,00,00,00,00,00,T
5.417000,0000,8,00,00,00,00,00,00,00,00,T
5.417500,0000,8,00,00,00,00,00,00,00,00,T
5.418000,0000,8,00,00,00,00,00,00,00,00,T
5.418500,0000,8,00,00,00,00,00,00,00,00,T
5.419000,0000,8,00,00,00,00,00,00,00,00,T
5.419500,0000,8,00,00,00,00,00,00,00,00,T
5.420000,0000,8,00,00,00,00,00,00,00,00,T
5.420500,0000,8,00,00,00,00,00,00,00,00,T
5.420701,0140,8,B7,77,A8,E8,07,54,A4,77,R
5.421000,0000,8,00,00,00,00,00,00,00,00,T
5.421500,0000,8,00,00,00,00,00,00,00,00,T
5.421661,0316,8,9E,3B,BD,F7,65,A1,5A,67,R
5.422000,0000,8,00,00,00,00,00,00,00,00,T
5.422500,0000,8,00,00,00,00,00,00,00,00,T
5.423000,0000,8,00,00,00,00,00,00,00,00,T
5.423500,0000,8,00,00,00,00,00,00,00,00,T
5.424000,0000,8,00,00,00,00,00,00,00,00,T
5.424500,0000,8,00,00,00,00,00,00,00,00,T
5.425000,0000,8,00,00,00,00,00,00,00,00,T
5.425366,0260,8,77,96,E9,95,4E,14,51,DC,R
5.425500,0000,8,00,00,00,00,00,00,00,00,T
5.426000,0000,8,00,00,00,00,00,00,00,00,T
5.426500,0000,8,00,00,00,00,00,00,00,00,T
5.427000,0000,8,00,00,00,00,00,00,00,00,T
5.427500,0000,8,00,00,00,00,00,00,00,00,T
5.428000,0000,8,00,00,00,00,00,00,00,00,T
5.428500,0000,8,00,00,00,00,00,00,00,00,T
5.429000,0000,8,00,00,00,00,00,00,00,00,T
5.429500,0000,8,00,00,00,00,00,00,00,00,T
5.430000,0000,8,00,00,00,00,00,00,00,00,T
5.430500,0000,8,00,00,00,00,00,00,00,00,T
5.430977,0140,8,05,1A,2A,84,E2,AA,38,C2,R
5.431000,0000,8,00,00,00,00,00,00,00,00,T
5.431500,0000,8,00,00,00,00,00,00,00,00,T
5.432000,0000,8,00,00,00,00,00,00,00,00,T
5.432500,0000,8,00,00,00,00,00,00,00,00,T
5.433000,0000,8,00,00,00,00,00,00,00,00,T
5.433500,0000,8,00,00,00,00,00,00,00,00,T
5.434000,0000,8,00,00,00,00,00,00,00,00,T
5.434500,0000,8,00,00,00,00,00,00,00,00,T
5.435000,0000,8,00,00,00,00,00,00,00,00,T
5.435500,0000,8,00,00,00,00,00,00,00,00,T
5.436000,0000,8,00,00,00,00,00,00,00,00,T
5.436500,0000,8,00,00,00,00,00,00,00,00,T
5.437000,0000,8,00,00,00,00,00,00,00,00,T
5.437500,0000,8,00,00,00,00,00,00,00,00,T
5.438000,0000,8,00,00,00,00,00,00,00,00,T
5.438500,0000,8,00,00,00,00,00,00,00,00,T
5.438647,0430,8,BC,9B,34,70,7A,58,16,CE,R
5.439000,0000,8,00,00,00,00,00,00,00,00,T
5.439500,0000,8,00,00,00,00,00,00,00,00,T
5.440000,0000,8,00,00,00,00,00,00,00,00,T
5.440500,0000,8,00,00,00,00,00,00,00,00,T
5.441000,0000,8,00,00,00,00,00,00,00,00,T
5.441057,0140,8,AE,62,36,47,E1,13,39,B6,R
5.441500,0000,8,00,00,00,00,00,00,00,00,T
5.442000,0000,8,00,00,00,00,00,00,00,00,T
5.442498,0316,8,4B,B4,9F,70,1B,D7,75,E9,R
5.442500,0000,8,00,00,00,00,00,00,00,00,T
5.443000,0000,8,00,00,00,00,00,00,00,00,T
5.443500,0000,8,00,00,00,00,00,00,00,00,T
5.444000,0000,8,00,00,00,00,00,00,00,00,T
5.444500,0000,8,00,00,00,00,00,00,00,00,T
5.445000,0000,8,00,00,00,00,00,00,00,00,T
5.445323,0329,8,56,0A,23,51,B6,B5,3B,06,R
5.445500,0000,8,00,00,00,00,00,00,00,00,T
5.445919,0260,8,3A,E4,0D,9F,1E,1B,A4,9C,R
5.446000,0000,8,00,00,00,00,00,00,00,00,T
5.446500,0000,8,00,00,00,00,00,00,00,00,T
5.447000,0000,8,00,00,00,00,00,00,00,00,T
5.447500,0000,8,00,00,00,00,00,00,00,00,T
5.448000,0000,8,00,00,00,00,00,00,00,00,T
5.448500,0000,8,00,00,00,00,00,00,00,00,T
5.449000,0000,8,00,00,00,00,00,00,00,00,T
5.449500,0000,8,00,00,00,00,00,00,00,00,T
5.450000,0000,8,00,00,00,00,00,00,00,00,T
5.450500,0000,8,00,00,00,00,00,00,00,00,T
5.451000,0000,8,00,00,00,00,00,00,00,00,T
5.451446,0140,8,D1,6C,B4,01,B0,50,70,6B,R
5.451500,0000,8,00,00,00,00,00,00,00,00,T
5.452000,0000,8,00,00,00,00,00,00,00,00,T
5.452500,0000,8,00,00,00,00,00,00,00,00,T
5.453000,0000,8,00,00,00,00,00,00,00,00,T
5.453500,0000,8,00,00,00,00,00,00,00,00,T
5.454000,0000,8,00,00,00,00,00,00,00,00,T
5.454500,0000,8,00,00,00,00,00,00,00,00,T
5.455000,0000,8,00,00,00,00,00,00,00,00,T
5.455018,0545,8,F9,82,B8,B9,59,5E,96,CB,R
5.455500,0000,8,00,00,00,00,00,00,00,00,T
5.456000,0000,8,00,00,00,00,00,00,00,00,T
5.456500,0000,8,00,00,00,00,00,00,00,00,T
5.457000,0000,8,00,00,00,00,00,00,00,00,T
5.457500,0000,8,00,00,00,00,00,00,00,00,T
5.458000,0000,8,00,00,00,00,00,00,00,00,T
5.458500,0000,8,00,00,00,00,00,00,00,00,T
5.459000,0000,8,00,00,00,00,00,00,00,00,T
5.459500,0000,8,00,00,00,00,00,00,00,00,T
5.460000,0000,8,00,00,00,00,00,00,00,00,T
5.460500,0000,8,00,00,00,00,00,00,00,00,T
5.461000,0000,8,00,00,00,00,00,00,00,00,T
5.461500,0000,8,00,00,00,00,00,00,00,00,T
5.461692,0316,8,85,F2,0A,91,C1,9F,06,89,R
5.462000,0000,8,00,00,00,00,00,00,00,00,T
5.462176,0140,8,1E,29,23,33,0B,1A,4E,8B,R
5.462500,0000,8,00,00,00,00,00,00,00,00,T
5.463000,0000,8,00,00,00,00,00,00,00,00,T
5.463500,0000,8,00,00,00,00,00,00,00,00,T
5.464000,0000,8,00,00,00,00,00,00,00,00,T
5.464500,0000,8,00,00,00,00,00,00,00,00,T
5.465000,0000,8,00,00,00,00,00,00,00,00,T
5.465356,0260,8,85,98,9A,46,C4,24,5D,66,R
5.465500,0000,8,00,00,00,00,00,00,00,00,T
5.466000,0000,8,00,00,00,00,00,00,00,00,T
5.466500,0000,8,00,00,00,00,00,00,00,00,T
5.467000,0000,8,00,00,00,00,00,00,00,00,T
5.467500,0000,8,00,00,00,00,00,00,00,00,T
5.468000,0000,8,00,00,00,00,00,00,00,00,T
5.468500,0000,8,00,00,00,00,00,00,00,00,T
5.469000,0000,8,00,00,00,00,00,00,00,00,T
5.469500,0000,8,00,00,00,00,00,00,00,00,T
5.470000,0000,8,00,00,00,00,00,00,00,00,T
5.470500,0000,8,00,00,00,00,00,00,00,00,T
5.471000,0000,8,00,00,00,00,00,00,00,00,T
5.471500,0000,8,00,00,00,00,00,00,00,00,T
5.472000,0000,8,00,00,00,00,00,00,00,00,T
5.472173,0140,8,CA,CA,02,FC,D0,F7,6E,EC,R
5.472500,0000,8,00,00,00,00,00,00,00,00,T
5.473000,0000,8,00,00,00,00,00,00,00,00,T
5.473500,0000,8,00,00,00,00,00,00,00,00,T
5.474000,0000,8,00,00,00,00,00,00,00,00,T
5.474500,0000,8,00,00,00,00,00,00,00,00,T
5.475000,0000,8,00,00,00,00,00,00,00,00,T
5.475500,0000,8,00,00,00,00,00,00,00,00,T
5.476000,0000,8,00,00,00,00,00,00,00,00,T
5.476500,0000,8,00,00,00,00,00,00,00,00,T
5.477000,0000,8,00,00,00,00,00,00,00,00,T
5.477500,0000,8,00,00,00,00,00,00,00,00,T
5.478000,0000,8,00,00,00,00,00,00,00,00,T
5.478500,0000,8,00,00,00,00,00,00,00,00,T
5.479000,0000,8,00,00,00,00,00,00,00,00,T
5.479500,0000,8,00,00,00,00,00,00,00,00,T
5.480000,0000,8,00,00,00,00,00,00,00,00,T
5.480500,0000,8,00,00,00,00,00,00,00,00,T
5.481000,0000,8,00,00,00,00,00,00,00,00,T
5.481500,0000,8,00,00,00,00,00,00,00,00,T
5.482000,0000,8,00,00,00,00,00,00,00,00,T
5.482332,0316,8,49,09,71,45,53,6D,D3,61,R
5.482500,0000,8,00,00,00,00,00,00,00,00,T
5.482707,0140,8,73,7C,DD,CC,7C,E2,36,D7,R
5.483000,0000,8,00,00,00,00,00,00,00,00,T
5.483500,0000,8,00,00,00,00,00,00,00,00,T
5.484000,0000,8,00,00,00,00,00,00,00,00,T
5.484500,0000,8,00,00,00,00,00,00,00,00,T
5.485000,0000,8,00,00,00,00,00,00,00,00,T
5.485500,0000,8,00,00,00,00,00,00,00,00,T
5.485983,0260,8,6E,31,28,42,46,E8,C0,AE,R
5.486000,0000,8,00,00,00,00,00,00,00,00,T
5.486500,0000,8,00,00,00,00,00,00,00,00,T
5.487000,0000,8,00,00,00,00,00,00,00,00,T
5.487500,0000,8,00,00,00,00,00,00,00,00,T
5.488000,0000,8,00,00,00,00,00,00,00,00,T
5.488500,0000,8,00,00,00,00,00,00,00,00,T
5.489000,0000,8,00,00,00,00,00,00,00,00,T
5.489500,0000,8,00,00,00,00,00,00,00,00,T
5.490000,0000,8,00,00,00,00,00,00,00,00,T
5.490500,0000,8,00,00,00,00,00,00,00,00,T
5.491000,0000,8,00,00,00,00,00,00,00,00,T
5.491500,0000,8,00,00,00,00,00,00,00,00,T
5.492000,0000,8,00,00,00,00,00,00,00,00,T
5.492500,0000,8,00,00,00,00,00,00,00,00,T
5.492651,0140,8,E9,C6,5B,00,C8,0B,42,7C,R
5.493000,0000,8,00,00,00,00,00,00,00,00,T
5.493500,0000,8,00,00,00,00,00,00,00,00,T
5.494000,0000,8,00,00,00,00,00,00,00,00,T
5.494500,0000,8,00,00,00,00,00,00,00,00,T
5.495000,0000,8,00,00,00,00,00,00,00,00,T
5.495500,0000,8,00,00,00,00,00,00,00,00,T
5.495941,0329,8,1F,36,C5,F0,F1,3D,64,0F,R
5.496000,0000,8,00,00,00,00,00,00,00,00,T
5.496500,0000,8,00,00,00,00,00,00,00,00,T
5.497000,0000,8,00,00,00,00,00,00,00,00,T
5.497500,0000,8,00,00,00,00,00,00,00,00,T
5.498000,0000,8,00,00,00,00,00,00,00,00,T
5.498500,0000,8,00,00,00,00,00,00,00,00,T
5.499000,0000,8,00,00,00,00,00,00,00,00,T
5.499500,0000,8,00,00,00,00,00,00,00,00,T
5.500000,0000,8,00,00,00,00,00,00,00,00,T
5.500500,0000,8,00,00,00,00,00,00,00,00,T
5.501000,0000,8,00,00,00,00,00,00,00,00,T
5.501500,0000,8,00,00,00,00,00,00,00,00,T
5.502000,0000,8,00,00,00,00,00,00,00,00,T
5.502054,0316,8,1F,14,AF,1C,C1,6E,DC,EE,R
5.502121,0140,8,22,63,1D,BD,5E,E9,21,EB,R
5.502500,0000,8,00,00,00,00,00,00,00,00,T
5.503000,0000,8,00,00,00,00,00,00,00,00,T
5.503500,0000,8,00,00,00,00,00,00,00,00,T
5.504000,0000,8,00,00,00,00,00,00,00,00,T
5.504500,0000,8,00,00,00,00,00,00,00,00,T
5.505000,0000,8,00,00,00,00,00,00,00,00,T
5.505500,0000,8,00,00,00,00,00,00,00,00,T
5.506000,0000,8,00,00,00,00,00,00,00,00,T
5.506500,0000,8,00,00,00,00,00,00,00,00,T
5.506919,0260,8,A8,DD,D5,63,A0,45,5A,E4,R
5.507000,0000,8,00,00,00,00,00,00,00,00,T
5.507500,0000,8,00,00,00,00,00,00,00,00,T
5.508000,0000,8,00,00,00,00,00,00,00,00,T
5.508500,0000,8,00,00,00,00,00,00,00,00,T
5.509000,0000,8,00,00,00,00,00,00,00,00,T
5.509500,0000,8,00,00,00,00,00,00,00,00,T
5.510000,0000,8,00,00,00,00,00,00,00,00,T
5.510500,0000,8,00,00,00,00,00,00,00,00,T
5.511000,0000,8,00,00,00,00,00,00,00,00,T
5.511500,0000,8,00,00,00,00,00,00,00,00,T
5.511868,0140,8,52,43,30,C9,BA,B4,D9,61,R
5.512000,0000,8,00,00,00,00,00,00,00,00,T
5.512500,0000,8,00,00,00,00,00,00,00,00,T
5.513000,0000,8,00,00,00,00,00,00,00,00,T
5.513500,0000,8,00,00,00,00,00,00,00,00,T
5.514000,0000,8,00,00,00,00,00,00,00,00,T
5.514500,0000,8,00,00,00,00,00,00,00,00,T
5.515000,0000,8,00,00,00,00,00,00,00,00,T
5.515500,0000,8,00,00,00,00,00,00,00,00,T
5.516000,0000,8,00,00,00,00,00,00,00,00,T
5.516500,0000,8,00,00,00,00,00,00,00,00,T
5.517000,0000,8,00,00,00,00,00,00,00,00,T
5.517500,0000,8,00,00,00,00,00,00,00,00,T
5.518000,0000,8,00,00,00,00,00,00,00,00,T
5.518500,0000,8,00,00,00,00,00,00,00,00,T
5.519000,0000,8,00,00,00,00,00,00,00,00,T
5.519500,0000,8,00,00,00,00,00,00,00,00,T
5.520000,0000,8,00,00,00,00,00,00,00,00,T
5.520500,0000,8,00,00,00,00,00,00,00,00,T
5.521000,0000,8,00,00,00,00,00,00,00,00,T
5.521500,0000,8,00,00,00,00,00,00,00,00,T
5.521860,0316,8,88,23,CD,FB,5B,45,6B,52,R
5.522000,0000,8,00,00,00,00,00,00,00,00,T
5.522500,0000,8,00,00,00,00,00,00,00,00,T
5.522714,0140,8,35,65,4A,C2,5A,E4,F9,E3,R
5.523000,0000,8,00,00,00,00,00,00,00,00,T
5.523500,0000,8,00,00,00,00,00,00,00,00,T
5.524000,0000,8,00,00,00,00,00,00,00,00,T
5.524500,0000,8,00,00,00,00,00,00,00,00,T
5.525000,0000,8,00,00,00,00,00,00,00,00,T
5.525500,0000,8,00,00,00,00,00,00,00,00,T
5.526000,0000,8,00,00,00,00,00,00,00,00,T
5.526500,0000,8,00,00,00,00,00,00,00,00,T
5.527000,0000,8,00,00,00,00,00,00,00,00,T
5.527500,0000,8,00,00,00,00,00,00,00,00,T
5.527788,0260,8,94,8D,A3,7A,8C,7E,BB,AE,R
5.528000,0000,8,00,00,00,00,00,00,00,00,T
5.528500,0000,8,00,00,00,00,00,00,00,00,T
5.529000,0000,8,00,00,00,00,00,00,00,00,T
5.529500,0000,8,00,00,00,00,00,00,00,00,T
5.530000,0000,8,00,00,00,00,00,00,00,00,T
5.530500,0000,8,00,00,00,00,00,00,00,00,T
5.531000,0000,8,00,00,00,00,00,00,00,00,T
5.531500,0000,8,00,00,00,00,00,00,00,00,T
5.532000,0000,8,00,00,00,00,00,00,00,00,T
5.532500,0000,8,00,00,00,00,00,00,00,00,T
5.532676,0140,8,3C,80,B0,96,CF,36,EF,31,R
5.533000,0000,8,00,00,00,00,00,00,00,00,T
5.533500,0000,8,00,00,00,00,00,00,00,00,T
5.534000,0000,8,00,00,00,00,00,00,00,00,T
5.534500,0000,8,00,00,00,00,00,00,00,00,T
5.535000,0000,8,00,00,00,00,00,00,00,00,T
5.535500,0000,8,00,00,00,00,00,00,00,00,T
5.536000,0000,8,00,00,00,00,00,00,00,00,T
5.536500,0000,8,00,00,00,00,00,00,00,00,T
5.537000,0000,8,00,00,00,00,00,00,00,00,T
5.537500,0000,8,00,00,00,00,00,00,00,00,T
5.538000,0000,8,00,00,00,00,00,00,00,00,T
5.538327,0430,8,DC,E4,D5,D0,EB,9C,EA,9B,R
5.538500,0000,8,00,00,00,00,00,00,00,00,T
5.539000,0000,8,00,00,00,00,00,00,00,00,T
5.539500,0000,8,00,00,00,00,00,00,00,00,T
5.540000,0000,8,00,00,00,00,00,00,00,00,T
5.540500,0000,8,00,00,00,00,00,00,00,00,T
5.541000,0000,8,00,00,00,00,00,00,00,00,T
5.541500,0000,8,00,00,00,00,00,00,00,00,T
5.542000,0000,8,00,00,00,00,00,00,00,00,T
5.542332,0316,8,C6,1F,BB,4C,4D,EF,91,29,R
5.542500,0000,8,00,00,00,00,00,00,00,00,T
5.542997,0140,8,27,DB,86,92,62,9E,2D,44,R
5.543000,0000,8,00,00,00,00,00,00,00,00,T
5.543500,0000,8,00,00,00,00,00,00,00,00,T
5.544000,0000,8,00,00,00,00,00,00,00,00,T
5.544500,0000,8,00,00,00,00,00,00,00,00,T
5.545000,0000,8,00,00,00,00,00,00,00,00,T
5.545500,0000,8,00,00,00,00,00,00,00,00,T
5.545839,0329,8,66,00,74,AA,05,D5,69,36,R
5.546000,0000,8,00,00,00,00,00,00,00,00,T
5.546500,0000,8,00,00,00,00,00,00,00,00,T
5.547000,0000,8,00,00,00,00,00,00,00,00,T
5.547500,0000,8,00,00,00,00,00,00,00,00,T
5.548000,0000,8,00,00,00,00,00,00,00,00,T
5.548074,0260,8,07,20,E9,FE,4D,60,00,8F,R
5.548500,0000,8,00,00,00,00,00,00,00,00,T
5.549000,0000,8,00,00,00,00,00,00,00,00,T
5.549500,0000,8,00,00,00,00,00,00,00,00,T
5.550000,0000,8,00,00,00,00,00,00,00,00,T
5.550500,0000,8,00,00,00,00,00,00,00,00,T
5.551000,0000,8,00,00,00,00,00,00,00,00,T
5.551500,0000,8,00,00,00,00,00,00,00,00,T
5.552000,0000,8,00,00,00,00,00,00,00,00,T
5.552500,0000,8,00,00,00,00,00,00,00,00,T
5.553000,0000,8,00,00,00,00,00,00,00,00,T
5.553500,0000,8,00,00,00,00,00,00,00,00,T
5.553954,0140,8,FD,E0,DD,46,85,D0,CA,C9,R
5.554000,0000,8,00,00,00,00,00,00,00,00,T
5.554500,0000,8,00,00,00,00,00,00,00,00,T
5.555000,0000,8,00,00,00,00,00,00,00,00,T
5.555500,0000,8,00,00,00,00,00,00,00,00,T
5.555976,0545,8,EF,41,CF,E6,28,8E,FF,50,R
5.556000,0000,8,00,00,00,00,00,00,00,00,T
5.556500,0000,8,00,00,00,00,00,00,00,00,T
5.557000,0000,8,00,00,00,00,00,00,00,00,T
5.557500,0000,8,00,00,00,00,00,00,00,00,T
5.558000,0000,8,00,00,00,00,00,00,00,00,T
5.558500,0000,8,00,00,00,00,00,00,00,00,T
5.559000,0000,8,00,00,00,00,00,00,00,00,T
5.559500,0000,8,00,00,00,00,00,00,00,00,T
5.560000,0000,8,00,00,00,00,00,00,00,00,T
5.560500,0000,8,00,00,00,00,00,00,00,00,T
5.561000,0000,8,00,00,00,00,00,00,00,00,T
5.561500,0000,8,00,00,00,00,00,00,00,00,T
5.561788,0316,8,42,1E,9B,CA,10,4A,83,A5,R
5.562000,0000,8,00,00,00,00,00,00,00,00,T
5.562500,0000,8,00,00,00,00,00,00,00,00,T
5.563000,0000,8,00,00,00,00,00,00,00,00,T
5.563500,0000,8,00,00,00,00,00,00,00,00,T
5.564000,0000,8,00,00,00,00,00,00,00,00,T
5.564299,0140,8,C9,30,EE,4B,E4,0C,C6,7F,R
5.564500,0000,8,00,00,00,00,00,00,00,00,T
5.565000,0000,8,00,00,00,00,00,00,00,00,T
5.565500,0000,8,00,00,00,00,00,00,00,00,T
5.566000,0000,8,00,00,00,00,00,00,00,00,T
5.566500,0000,8,00,00,00,00,00,00,00,00,T
5.567000,0000,8,00,00,00,00,00,00,00,00,T
5.567500,0000,8,00,00,00,00,00,00,00,00,T
5.568000,0000,8,00,00,00,00,00,00,00,00,T
5.568500,0000,8,00,00,00,00,00,00,00,00,T
5.568891,0260,8,4F,6E,5D,48,F5,E0,DC,2E,R
5.569000,0000,8,00,00,00,00,00,00,00,00,T
5.569500,0000,8,00,00,00,00,00,00,00,00,T
5.570000,0000,8,00,00,00,00,00,00,00,00,T
5.570500,0000,8,00,00,00,00,00,00,00,00,T
5.571000,0000,8,00,00,00,00,00,00,00,00,T
5.571500,0000,8,00,00,00,00,00,00,00,00,T
5.572000,0000,8,00,00,00,00,00,00,00,00,T
5.572500,0000,8,00,00,00,00,00,00,00,00,T
5.573000,0000,8,00,00,00,00,00,00,00,00,T
5.573500,0000,8,00,00,00,00,00,00,00,00,T
5.574000,0000,8,00,00,00,00,00,00,00,00,T
5.574500,0000,8,00,00,00,00,00,00,00,00,T
5.574637,0140,8,88,E8,1F,F2,C7,CC,66,F6,R
5.575000,0000,8,00,00,00,00,00,00,00,00,T
5.575500,0000,8,00,00,00,00,00,00,00,00,T
5.576000,0000,8,00,00,00,00,00,00,00,00,T
5.576500,0000,8,00,00,00,00,00,00,00,00,T
5.577000,0000,8,00,00,00,00,00,00,00,00,T
5.577500,0000,8,00,00,00,00,00,00,00,00,T
5.578000,0000,8,00,00,00,00,00,00,00,00,T
5.578500,0000,8,00,00,00,00,00,00,00,00,T
5.579000,0000,8,00,00,00,00,00,00,00,00,T
5.579500,0000,8,00,00,00,00,00,00,00,00,T
5.580000,0000,8,00,00,00,00,00,00,00,00,T
5.580500,0000,8,00,00,00,00,00,00,00,00,T
5.581000,0000,8,00,00,00,00,00,00,00,00,T
5.581500,0000,8,00,00,00,00,00,00,00,00,T
5.581980,0316,8,40,CE,2E,85,91,9C,40,87,R
5.582000,0000,8,00,00,00,00,00,00,00,00,T
5.582500,0000,8,00,00,00,00,00,00,00,00,T
5.583000,0000,8,00,00,00,00,00,00,00,00,T
5.583500,0000,8,00,00,00,00,00,00,00,00,T
5.584000,0000,8,00,00,00,00,00,00,00,00,T
5.584500,0000,8,00,00,00,00,00,00,00,00,T
5.585000,0000,8,00,00,00,00,00,00,00,00,T
5.585332,0140,8,3C,93,C3,17,A9,C2,E8,77,R
5.585500,0000,8,00,00,00,00,00,00,00,00,T
5.586000,0000,8,00,00,00,00,00,00,00,00,T
5.586500,0000,8,00,00,00,00,00,00,00,00,T
5.587000,0000,8,00,00,00,00,00,00,00,00,T
5.587500,0000,8,00,00,00,00,00,00,00,00,T
5.588000,0000,8,00,00,00,00,00,00,00,00,T
5.588159,0260,8,4E,96,FC,83,A8,03,46,D0,R
5.588500,0000,8,00,00,00,00,00,00,00,00,T
5.589000,0000,8,00,00,00,00,00,00,00,00,T
5.589500,0000,8,00,00,00,00,00,00,00,00,T
5.590000,0000,8,00,00,00,00,00,00,00,00,T
5.590500,0000,8,00,00,00,00,00,00,00,00,T
5.591000,0000,8,00,00,00,00,00,00,00,00,T
5.591500,0000,8,00,00,00,00,00,00,00,00,T
5.592000,0000,8,00,00,00,00,00,00,00,00,T
5.592500,0000,8,00,00,00,00,00,00,00,00,T
5.593000,0000,8,00,00,00,00,00,00,00,00,T
5.593500,0000,8,00,00,00,00,00,00,00,00,T
5.594000,0000,8,00,00,00,00,00,00,00,00,T
5.594449,0140,8,DC,88,13,21,B7,F4,12,9F,R
5.594500,0000,8,00,00,00,00,00,00,00,00,T
5.595000,0000,8,00,00,00,00,00,00,00,00,T
5.595500,0000,8,00,00,00,00,00,00,00,00,T
5.596000,0000,8,00,00,00,00,00,00,00,00,T
5.596500,0000,8,00,00,00,00,00,00,00,00,T
5.596775,0329,8,D7,0E,EF,36,26,2A,80,6E,R
5.597000,0000,8,00,00,00,00,00,00,00,00,T
5.597500,0000,8,00,00,00,00,00,00,00,00,T
5.598000,0000,8,00,00,00,00,00,00,00,00,T
5.598500,0000,8,00,00,00,00,00,00,00,00,T
5.599000,0000,8,00,00,00,00,00,00,00,00,T
5.599500,0000,8,00,00,00,00,00,00,00,00,T
5.600000,0000,8,00,00,00,00,00,00,00,00,T
5.601950,0316,8,6E,2C,5D,7F,5F,C0,C8,11,R
5.603529,0140,8,5C,E9,29,85,4F,61,9C,BD,R
5.608150,0260,8,F1,9D,B5,50,1B,44,EC,36,R
5.613315,0140,8,1D,87,E9,F8,CB,E3,54,E0,R
5.621002,0316,8,76,B8,11,77,16,8A,76,27,R
5.623010,0140,8,09,6E,F4,71,75,66,DC,0F,R
5.629135,0260,8,B4,F9,8A,36,E4,12,06,B4,R
5.632306,0140,8,33,5E,D3,B3,DA,D8,1B,2F,R
5.638165,0430,8,08,CD,D2,F6,CE,35,45,B5,R
5.640385,0316,8,65,7D,65,8E,DE,DF,9C,05,R
5.641651,0140,8,1A,50,BD,2E,DA,2C,61,39,R
5.647174,0329,8,64,06,17,D3,26,21,8B,48,R
5.649173,0260,8,CC,E3,74,DE,4A,99,95,AC,R
5.652181,0140,8,A1,C7,DC,8C,53,E8,9B,3B,R
5.655335,0545,8,12,F8,3E,CF,67,B6,E9,92,R
5.660609,0316,8,CC,28,68,94,E3,82,3B,EB,R
5.661621,0140,8,43,4C,FB,AC,58,20,36,28,R
5.668899,0260,8,D9,C7,9F,7F,01,A0,2D,1D,R
5.672142,0140,8,FC,99,5B,B9,4C,7E,E1,7C,R
5.681190,0316,8,2E,26,A0,8B,56,E6,67,9D,R
5.683039,0140,8,84,08,44,69,D0,00,93,7A,R
5.688059,0260,8,08,2D,F9,D6,84,6C,86,C9,R
5.692365,0140,8,EA,06,BD,BE,E2,D5,BC,40,R
5.698116,0329,8,3F,88,B7,52,B9,6C,98,DC,R
5.701680,0316,8,06,AB,E4,8B,0E,99,45,29,R
5.703041,0140,8,D6,43,38,43,F3,68,1A,A7,R
5.707530,0260,8,E8,91,F1,12,5C,C9,27,CF,R
5.713588,0140,8,BE,F3,AE,A4,A1,46,3F,EC,R
5.721601,0316,8,DE,89,ED,5A,BD,FD,51,DF,R
5.724419,0140,8,95,A9,4E,71,03,7D,89,04,R
5.727443,0260,8,1D,96,D1,13,9B,A9,47,18,R
5.734647,0140,8,E7,BF,92,78,24,0A,81,61,R
5.738649,0430,8,AB,C2,D9,20,2C,83,BF,4C,R
5.742506,0316,8,50,69,B8,B5,AF,5A,BA,EF,R
5.743798,0140,8,00,53,97,03,C6,44,6F,66,R
5.747956,0329,8,26,54,9F,2C,B9,6C,CD,4D,R
5.748156,0260,8,9A,8E,0A,21,C2,43,BD,38,R
5.752919,0140,8,0A,A6,53,17,14,53,8F,6A,R
5.754345,0545,8,04,C3,4F,C7,F7,AD,D7,A8,R
5.762056,0316,8,3A,97,AD,D0,21,2B,5A,D7,R
5.763772,0140,8,45,B3,4B,B0,0D,1E,BF,3B,R
5.768881,0260,8,50,6A,57,56,02,7C,C5,AC,R
5.772947,0140,8,68,49,96,81,88,E0,97,7A,R
5.781343,0316,8,7D,F1,41,BD,B1,22,ED,CA,R
5.783298,0140,8,1C,72,97,38,E0,C3,C5,E2,R
5.789406,0260,8,7D,E1,2C,4A,BD,C0,79,4B,R
5.793514,0140,8,46,10,8E,22,CB,B2,7F,F5,R
5.797118,0329,8,F6,D0,EF,2D,AA,A9,FD,C8,R
5.802152,0316,8,7D,1F,3D,32,86,23,39,BF,R
5.803299,0140,8,83,EA,21,5C,44,71,A7,8D,R
5.809923,0260,8,10,C5,A1,56,20,BD,43,E6,R
5.813699,0140,8,48,3D,75,0B,26,B8,10,BB,R
5.822838,0316,8,33,86,D3,51,06,5D,5F,BD,R
5.822972,0140,8,4E,77,FF,8B,50,34,5A,9D,R
5.829749,0260,8,A4,F7,47,48,5E,4C,BB,3B,R
5.832553,0140,8,43,5F,CA,7C,90,F0,01,DC,R
5.838237,0430,8,FA,C4,A4,D5,E0,DA,97,09,R
5.841712,0140,8,E4,59,C1,16,2E,C7,37,14,R
5.841944,0316,8,EC,97,73,10,BE,7C,E3,14,R
5.847509,0329,8,67,06,0D,37,C9,8A,68,92,R
5.850160,0260,8,6C,9C,04,A5,DB,40,9B,1C,R
5.850758,0140,8,6A,EE,1B,A7,FC,7F,32,31,R
5.854718,0545,8,5A,69,29,B8,04,18,C5,10,R
5.860356,0140,8,4D,2D,2E,0A,C0,6A,26,BF,R
5.862131,0316,8,D2,25,60,EF,34,D0,64,32,R
5.870151,0260,8,8C,4D,4F,03,3D,E6,58,E8,R
5.870433,0140,8,21,18,D9,8A,26,69,AC,AD,R
5.879601,0140,8,95,F1,25,0A,67,88,48,22,R
5.882559,0316,8,6F,78,66,79,A2,67,49,D7,R
5.889160,0140,8,47,98,48,7E,15,44,2D,20,R
5.889776,0260,8,62,02,00,16,FE,E8,F1,42,R
5.897389,0329,8,EE,C3,D8,34,4E,B8,9B,12,R
5.899508,0140,8,D1,F1,EC,03,FB,29,1F,26,R
5.902063,0316,8,D0,9E,2E,78,BC,DA,2E,B6,R
5.909070,0260,8,2B,FA,B5,16,D7,AF,C4,B3,R
5.909455,0140,8,B7,F1,27,E7,B5,24,7B,BF,R
5.919658,0140,8,A3,7B,89,AB,45,07,C8,49,R
5.921808,0316,8,8B,5B,C0,E6,A4,FE,22,93,R
5.928596,0260,8,D2,5F,23,A8,02,5B,EE,5C,R
5.929113,0140,8,5B,37,B5,38,39,31,7A,4C,R
5.937527,0430,8,98,0F,9E,3B,6E,75,5B,A8,R
5.939082,0140,8,C2,EA,65,7C,6D,C2,69,32,R
5.941234,0316,8,F3,4A,0E,00,C6,5A,2E,C2,R
5.947412,0329,8,77,AA,B3,75,5E,78,E6,D7,R
5.947637,0260,8,2C,8E,51,3C,05,D8,50,9F,R
5.948982,0140,8,3B,02,34,29,F0,D9,E7,5D,R
5.954611,0545,8,12,B8,05,9C,65,B7,2D,08,R
5.959048,0140,8,A4,68,D1,52,42,73,43,7A,R
5.960988,0316,8,E2,4D,D4,F8,2F,BC,93,94,R
5.967274,0260,8,F3,88,78,54,F2,28,7D,0E,R
5.968456,0140,8,87,AA,0B,67,95,70,07,5D,R
5.979021,0140,8,9E,29,2E,FA,4D,44,78,E9,R
5.981777,0316,8,A8,23,14,16,EA,A2,50,2B,R
5.988096,0260,8,FA,4E,43,E6,00,22,48,07,R
5.989320,0140,8,64,DF,F4,1D,F8,05,82,46,R
5.997543,0329,8,C9,5B,9A,F5,1D,FC,57,53,R
5.999465,0140,8,FF,F8,AB,39,C8,87,93,AA,R
6.002014,0316,8,3F,C3,42,94,4F,13,60,83,R
6.007143,0260,8,F1,13,F2,DC,4F,07,69,E6,R
6.009309,0140,8,EA,40,D1,50,03,F7,B7,2B,R
6.018774,0140,8,A8,31,52,ED,63,AC,2D,A7,R
6.022004,0316,8,16,07,B4,C7,79,96,AD,1D,R
6.027672,0260,8,C9,9E,51,46,8E,BE,69,9C,R
6.028226,0140,8,C9,38,7A,E0,2B,02,56,C5,R
6.037321,0140,8,51,F6,96,56,8D,29,39,27,R
6.037333,0430,8,32,39,C4,A4,EE,85,BD,E5,R
6.042028,0316,8,42,BE,AA,BD,CF,5F,27,75,R
6.046723,0260,8,67,B8,55,7F,2E,03,4F,B7,R
6.046809,0140,8,41,C4,30,6C,EF,8C,14,47,R
6.048030,0329,8,80,65,09,33,D2,04,FD,CB,R
6.054240,0545,8,D3,B2,F0,CD,72,81,8E,9B,R
6.056057,0140,8,E5,2F,F3,F6,2A,D9,55,2B,R
6.061371,0316,8,F9,25,8F,EC,54,CB,EC,0C,R
6.065330,0140,8,0C,F2,F6,06,6B,98,AF,13,R
6.067592,0260,8,5B,0A,EF,7C,0D,D5,67,70,R
6.074900,0140,8,99,66,4E,02,9A,55,30,AF,R
6.081127,0316,8,84,30,9D,28,BA,06,65,6D,R
6.085237,0140,8,08,DF,FB,07,C5,72,3E,7E,R
6.087859,0260,8,9E,FA,38,C7,D8,49,EC,8F,R
6.094968,0140,8,6E,7E,61,9D,F3,1D,B2,5F,R
6.098062,0329,8,23,57,5E,79,13,DA,12,FF,R
6.100701,0316,8,0D,62,61,60,91,0C,18,27,R
6.104202,0140,8,46,C0,8B,F8,87,DC,96,D7,R
6.108721,0260,8,86,76,6A,EB,FC,CE,FC,F0,R
6.113247,0140,8,AF,BC,23,CC,3B,30,89,28,R
6.121393,0316,8,E4,30,A3,5C,38,24,9E,F6,R
6.122925,0140,8,63,A6,FE,46,B4,E2,62,C7,R
6.128474,0260,8,1C,84,32,3D,58,DB,FB,1E,R
6.133568,0140,8,03,A1,5E,4C,43,1E,18,8A,R
6.137165,0430,8,0C,E6,03,3A,B5,21,9F,8A,R
6.142131,0316,8,73,2C,9E,13,FC,37,8F,A9,R
6.143749,0140,8,98,FF,AC,6E,DA,2C,58,E8,R
6.147931,0260,8,F6,5B,B6,6A,B9,AA,23,FC,R
6.149000,0329,8,23,A8,CE,72,56,4C,8A,1E,R
6.153970,0545,8,EA,77,BE,8C,01,F0,DF,05,R
6.154142,0140,8,9A,F9,E2,6B,CB,68,C5,EB,R
6.162322,0316,8,0F,CE,6F,31,33,90,49,9C,R
6.165086,0140,8,76,F8,D3,E6,FE,CC,AD,F9,R
6.168384,0260,8,91,72,A0,94,62,31,FE,5F,R
6.175459,0140,8,99,26,4B,48,23,4D,68,23,R
6.183087,0316,8,EC,FA,B4,8E,CB,AC,83,BD,R
6.184979,0140,8,2F,4E,96,B4,7F,7A,D5,94,R
6.188009,0260,8,3F,F3,0C,E0,40,84,39,AA,R
6.194695,0140,8,1E,79,6E,CD,09,A3,99,73,R
6.199334,0329,8,A9,E6,04,84,CA,F1,9C,FF,R
6.202745,0316,8,BA,A4,07,BF,5B,E5,86,03,R
6.204204,0140,8,33,96,1F,B4,BC,FD,96,31,R
6.208398,0260,8,54,94,68,CF,A9,24,77,F7,R
6.213941,0140,8,3C,DF,A5,52,83,4A,7B,AF,R
6.223230,0140,8,5B,31,76,7A,45,47,8E,7E,R
6.223328,0316,8,D3,A8,06,43,57,AC,F2,15,R
6.229143,0260,8,7E,94,22,C3,54,3F,32,B7,R
6.232926,0140,8,D7,06,8D,A3,11,F4,A0,DA,R
6.236276,0430,8,AA,0C,E7,31,0E,77,B2,A2,R
6.242446,0140,8,2D,24,A3,A5,0E,FB,B9,C2,R
6.244013,0316,8,48,3F,0E,CA,B3,34,A9,02,R
6.248785,0329,8,57,0D,12,E4,95,83,E0,8F,R
6.249480,0260,8,06,5C,0F,FD,21,FB,4D,B1,R
6.251884,0140,8,A4,77,C7,E1,36,79,66,2F,R
6.253421,0545,8,47,85,C9,93,48,26,25,16,R
6.262430,0140,8,BF,29,B0,2E,CA,08,27,92,R
6.264453,0316,8,D4,14,64,9A,D7,70,AE,9F,R
6.269675,0260,8,57,43,8F,77,3A,CE,6C,FE,R
6.271885,0140,8,8C,8E,DA,1A,F4,54,1B,F0,R
6.281190,0140,8,AC,24,D3,F2,8B,67,45,15,R
6.284380,0316,8,9C,BC,0E,39,D7,C9,19,82,R
6.289308,0260,8,26,26,2A,60,DA,41,1D,2A,R
6.291985,0140,8,F6,14,88,B6,6D,87,10,BC,R
6.297978,0329,8,77,10,C3,43,DC,CE,0F,4B,R
6.302586,0140,8,63,2A,02,A1,A3,B2,19,FF,R
6.303513,0316,8,2D,E4,A6,D6,09,5F,1A,A3,R
6.309001,0260,8,E7,B3,A5,F7,37,DF,6B,20,R
6.313286,0140,8,EE,7A,9D,CF,45,1D,F1,C4,R
6.322361,0140,8,91,E0,A7,18,42,9F,DE,B0,R
6.323753,0316,8,DB,38,2C,C7,24,C9,9D,49,R
6.328786,0260,8,D9,AC,C7,3F,93,23,6E,F2,R
6.331550,0140,8,43,FA,E6,E3,EB,4F,17,BF,R
6.335356,0430,8,F8,C6,7D,F1,B0,FD,DF,CF,R
6.342378,0140,8,50,C1,8A,F3,4B,7F,BA,A5,R
6.344343,0316,8,03,68,C0,06,7D,7C,90,F4,R
6.347566,0329,8,24,BC,C1,29,DA,CC,A1,F3,R
6.349042,0260,8,11,D4,90,6A,74,D3,B1,75,R
6.353257,0140,8,54,93,0D,BC,08,CF,23,90,R
6.353606,0545,8,D2,DD,87,2A,DD,5A,11,3F,R
6.363519,0140,8,B8,AB,6C,13,6C,A1,87,E5,R
6.365170,0316,8,CA,65,6C,D6,C7,7A,EF,C4,R
6.369973,0260,8,16,EE,F0,A7,9D,58,26,AA,R
6.374208,0140,8,93,29,31,2C,FD,08,38,9B,R
6.383506,0140,8,5F,13,74,90,45,3D,A0,5B,R
6.385227,0316,8,4B,25,E5,EE,13,E8,09,DC,R
6.390360,0260,8,BD,43,5A,B0,28,59,33,67,R
6.393157,0140,8,C7,67,91,AE,03,48,B2,58,R
6.397773,0329,8,70,FF,7F,49,D7,E2,37,FF,R
6.403242,0140,8,83,D8,D5,FB,81,33,6A,E3,R
6.405962,0316,8,02,41,20,33,1C,AE,74,39,R
6.410313,0260,8,B6,75,2C,B1,F9,60,F8,D1,R
6.412332,0140,8,20,30,69,A2,B6,AB,BA,95,R
6.422589,0140,8,59,E5,62,92,72,13,AF,D6,R
6.425803,0316,8,E7,C1,18,CB,8D,4F,FB,12,R
6.429887,0260,8,67,C9,8A,8B,6D,AA,CD,90,R
6.432341,0140,8,9D,F9,58,23,21,12,5E,07,R
6.435119,0430,8,88,B3,0A,3D,96,30,89,FB,R
6.441973,0140,8,94,CE,E9,8A,50,3E,D8,C4,R
6.445242,0316,8,BE,44,0A,BF,3E,49,D4,12,R
6.448577,0329,8,99,62,22,3F,80,23,EF,E4,R
6.450111,0260,8,30,91,80,AD,87,2D,FC,6F,R
6.451248,0140,8,44,53,B8,64,7F,2E,E0,0D,R
6.453800,0545,8,7F,30,B7,A0,D3,ED,A8,2A,R
6.460876,0140,8,C7,A5,94,82,7C,CB,31,D7,R
6.465847,0316,8,28,5E,A0,CA,4F,D6,E6,BF,R
6.470586,0260,8,3D,0B,18,2C,AF,E2,D3,C8,R
6.471671,0140,8,61,C8,40,C0,DB,86,EF,90,R
6.481450,0140,8,D7,42,8D,B6,FF,89,56,F1,R
6.486652,0316,8,2D,54,8A,15,BA,0F,07,C6,R
6.490711,0260,8,2E,2A,10,B6,99,D0,80,96,R
6.490922,0140,8,44,35,79,78,50,AC,BB,F8,R
6.499016,0329,8,D4,05,56,9B,9A,FA,7C,39,R
6.500446,0140,8,15,C3,FC,DA,28,0B,48,02,R
6.506041,0316,8,6C,8B,45,6E,8D,A6,EF,15,R
6.510445,0260,8,68,70,6C,7C,35,7B,2A,B7,R
6.510600,0140,8,40,3F,AC,9B,F6,F2,85,29,R
6.520319,0140,8,CD,09,FD,A9,D3,EF,08,49,R
6.526138,0316,8,82,05,A4,91,28,F5,BF,94,R
6.529329,0140,8,1C,B3,55,66,DB,2E,4D,F4,R
6.529532,0260,8,E8,88,C3,1D,09,B0,CA,3D,R
6.534232,0430,8,12,53,E6,C6,E0,78,9F,B1,R
6.539663,0140,8,86,9D,EC,F8,73,A9,F8,6B,R
6.546842,0316,8,42,20,43,81,1D,7D,DA,73,R
6.548613,0260,8,16,79,1A,DD,5A,D6,6F,EB,R
6.549194,0140,8,40,48,37,3C,75,CF,A6,77,R
6.549371,0329,8,A6,7F,DA,79,42,E5,61,1D,R
6.554541,0545,8,80,2E,33,D6,36,38,4C,80,R
6.559512,0140,8,BE,FE,65,16,25,28,21,CA,R
6.566866,0316,8,CD,F5,4F,27,4E,B6,15,ED,R
6.568006,0260,8,21,CE,99,6B,FD,6E,25,57,R
6.569723,0140,8,D7,3B,79,6A,94,68,6F,5F,R
6.580680,0140,8,C3,A5,64,A5,7B,58,C8,6E,R
6.585981,0316,8,7B,23,97,8E,B9,45,3A,E2,R
6.588960,0260,8,09,CE,04,16,77,8C,A4,E1,R
6.591237,0140,8,1B,A1,B2,95,9D,67,62,A8,R
6.599573,0329,8,4F,84,D5,B2,59,1F,6A,E2,R
6.601161,0140,8,D7,C3,80,0E,15,AA,75,41,R
6.606120,0316,8,D9,73,58,FF,88,56,DB,DA,R
6.609595,0260,8,13,15,21,20,0C,33,46,59,R
6.611238,0140,8,22,46,91,05,24,BA,C6,D6,R
6.621253,0140,8,E8,9E,A1,D6,FD,76,2C,C8,R
6.626913,0316,8,48,2D,49,FA,CC,56,6E,AD,R
6.629747,0260,8,10,7C,1D,02,8C,8F,29,85,R
6.630501,0140,8,79,5C,CB,4B,90,9E,4B,30,R
6.634846,0430,8,1D,C8,45,63,FD,6B,61,CA,R
6.640048,0140,8,8C,66,F8,7A,62,73,74,9C,R
6.647122,0316,8,BC,C1,33,96,EF,AF,4F,C0,R
6.649440,0329,8,E3,39,F1,E2,92,A1,4C,EC,R
6.650012,0260,8,96,6B,4C,D2,33,49,E4,DC,R
6.650086,0140,8,76,08,89,20,3C,AB,47,74,R
6.654521,0545,8,10,08,53,E5,D1,FE,0D,4C,R
6.659815,0140,8,96,44,3E,7F,5C,D2,89,E3,R
6.666666,0316,8,DF,3E,04,A0,7B,97,0D,01,R
6.669748,0140,8,F7,44,26,68,60,CA,86,62,R
6.670625,0260,8,41,82,05,7B,28,A4,C2,EB,R
6.679001,0140,8,A6,DF,63,B3,E2,1E,2C,AD,R
6.687460,0316,8,E7,92,D3,0E,B2,17,A2,94,R
6.689113,0140,8,54,13,5A,B2,62,E8,32,A1,R
6.691370,0260,8,1A,2D,C0,0C,06,12,A1,79,R
6.699253,0329,8,41,3D,31,E9,C8,64,56,B7,R
6.699296,0140,8,38,C7,D7,ED,5A,36,F2,0D,R
6.707607,0316,8,1B,8C,12,0E,23,2B,06,1E,R
6.710186,0140,8,04,E3,37,8E,0B,32,73,EB,R
6.712247,0260,8,42,88,87,93,25,18,B2,C3,R
6.721087,0140,8,68,DC,0A,2A,AA,FB,DE,0D,R
6.727249,0316,8,89,23,8D,20,A1,8F,13,37,R
6.731627,0140,8,C3,C2,37,CA,46,16,B8,13,R
6.732490,0260,8,ED,7E,40,D5,2F,60,42,F8,R
6.733997,0430,8,AB,F6,27,38,F8,3B,AC,21,R
6.741150,0140,8,43,7D,1B,BB,20,6A,19,70,R
6.746269,0316,8,6A,9D,3F,B3,8E,75,82,EF,R
6.748419,0329,8,A7,B1,53,82,B3,18,C0,5B,R
6.751925,0140,8,50,E8,5E,4B,C3,D5,74,34,R
6.752022,0260,8,59,F9,12,8E,E9,EF,EE,BA,R
6.754626,0545,8,03,13,B7,98,7B,0F,78,00,R
6.762240,0140,8,DD,55,FE,4C,E1,14,E2,01,R
6.766418,0316,8,69,19,C0,A4,A0,30,A9,A3,R
6.772278,0260,8,E8,D2,97,24,A8,EB,FC,72,R
6.772892,0140,8,13,4A,21,62,CA,B1,24,F6,R
6.783198,0140,8,DB,2E,8B,B9,1B,B7,81,41,R
6.786690,0316,8,6A,15,EE,C5,06,FB,19,24,R
6.791616,0260,8,68,67,72,17,2A,47,12,75,R
6.793491,0140,8,A5,22,4B,A8,C8,BD,5F,2C,R
6.798866,0329,8,3C,23,B1,A7,C8,2C,56,17,R
6.802599,0140,8,C6,9B,55,E0,35,FF,A8,33,R
6.807332,0316,8,D0,F0,FC,EE,47,39,A3,C6,R
6.811931,0140,8,2B,CA,BF,82,F8,61,26,36,R
6.812177,0260,8,A4,D6,94,4A,FA,58,FD,D0,R
6.822659,0140,8,1A,BF,BE,C2,0C,29,AF,29,R
6.826770,0316,8,3A,46,2B,5B,DA,AA,AD,01,R
6.831733,0140,8,E8,F2,09,38,75,92,64,A9,R
6.833016,0260,8,A0,49,A0,A1,D7,92,89,EB,R
6.833060,0430,8,94,D6,C6,C6,0F,59,B2,91,R
6.841857,0140,8,00,17,1F,9E,BE,31,00,FD,R
6.846039,0316,8,F2,3F,0B,28,92,84,82,9A,R
6.849043,0329,8,D6,52,11,04,F5,83,BA,EE,R
6.850975,0140,8,B5,C0,64,61,F9,E3,C4,78,R
6.852635,0260,8,07,D4,56,46,D6,5C,52,16,R
6.854018,0545,8,7F,F3,3A,52,D2,83,6E,BC,R
6.861116,0140,8,49,AB,A1,0D,DA,A7,C7,FE,R
6.865811,0316,8,E3,95,63,C0,51,D8,96,AC,R
6.870178,0140,8,59,EF,93,36,24,CA,97,7F,R
6.873401,0260,8,8A,66,F2,A5,44,27,F8,BA,R
6.880321,0140,8,27,00,77,E9,AD,7A,FE,CC,R
6.886028,0316,8,18,93,A0,9D,20,A0,43,41,R
6.890660,0140,8,E9,3E,E3,B8,BF,CA,07,5F,R
6.894006,0260,8,1E,48,C8,86,BA,A4,2D,D2,R
6.898896,0329,8,92,9F,6F,25,6D,31,DE,98,R
6.901010,0140,8,56,DD,B1,48,70,D0,BF,7F,R
6.905791,0316,8,81,0B,E4,A5,26,DE,99,75,R
6.910132,0140,8,0B,CB,82,33,BA,26,06,42,R
6.913222,0260,8,D6,D8,DB,A3,F0,CF,38,A2,R
6.920083,0140,8,AF,4E,7B,07,4D,10,69,A6,R
6.926637,0316,8,DD,4F,CF,1D,0A,81,FD,0E,R
6.931071,0140,8,7C,D8,03,0A,35,23,2B,14,R
6.932686,0260,8,FF,96,51,86,DC,53,B8,23,R
6.933667,0430,8,F3,5E,20,B4,E0,45,08,84,R
6.941088,0140,8,E7,7C,95,A0,D8,B1,35,8E,R
6.946512,0316,8,A6,2B,A0,B1,8C,9B,A3,B6,R
6.947919,0329,8,1C,C6,8A,B1,84,CC,98,A2,R
6.951664,0140,8,49,F2,E5,13,D2,1F,90,BB,R
6.952952,0260,8,7A,62,00,10,29,01,CE,CC,R
6.953191,0545,8,F8,56,EF,04,A5,FB,DE,C7,R
6.960703,0140,8,F6,8D,7C,28,70,A3,2C,26,R
6.967117,0316,8,11,D1,2E,12,F3,57,79,C9,R
6.970270,0140,8,CF,F7,BD,61,F6,1B,C2,A8,R
6.973173,0260,8,55,BE,10,6A,2E,70,03,00,R
6.980846,0140,8,14,0A,8E,44,C2,63,94,5C,R
6.987568,0316,8,83,A2,79,F6,06,1B,7A,0B,R
6.991559,0140,8,9B,1B,85,21,5E,35,C5,32,R
6.993900,0260,8,40,E4,40,81,F9,3B,F0,7D,R
6.998336,0329,8,0E,6C,97,9E,3D,C1,30,43,R
7.002212,0140,8,67,E6,38,F9,3C,01,CE,F1,R
7.007153,0316,8,75,C9,62,FB,30,3F,72,AF,R
7.011933,0140,8,E2,C5,AE,BB,4E,78,C1,21,R
7.013692,0260,8,47,C3,E3,A3,21,73,CA,6D,R
7.021981,0140,8,ED,A2,F0,B8,4E,76,FE,66,R
7.027451,0316,8,BF,C5,9C,23,32,3C,63,62,R
7.032749,0430,8,2A,53,D3,24,CF,A7,4E,DA,R
7.032950,0140,8,00,56,5A,80,E7,81,C6,DC,R
7.034687,0260,8,40,7C,3F,3C,A1,F6,99,EF,R
7.042922,0140,8,82,04,51,6C,E7,07,0C,EE,R
7.047204,0316,8,E4,63,AA,D1,75,4A,FE,4A,R
7.048955,0329,8,2F,14,30,59,FB,AD,04,B0,R
7.052434,0140,8,AD,E6,28,8B,93,65,A5,64,R
7.052548,0545,8,49,04,D0,64,29,F5,AF,F5,R
7.054483,0260,8,A7,AD,10,C5,F5,77,D8,40,R
7.063057,0140,8,B1,24,9E,82,A6,84,E6,F7,R
7.067687,0316,8,76,34,AB,51,2F,7D,DD,9E,R
7.072781,0140,8,CE,0C,8D,5D,08,B8,E5,49,R
7.073954,0260,8,BB,22,59,91,AA,6A,0B,A2,R
7.083074,0140,8,5C,F2,25,32,29,13,57,65,R
7.087687,0316,8,1B,F5,AF,FA,3F,54,80,59,R
7.092658,0140,8,65,C9,AF,2E,46,24,66,FA,R
7.094104,0260,8,0C,A2,4D,C1,C4,D1,C8,AD,R
7.098868,0329,8,A7,7D,47,57,D7,0D,C2,21,R
7.102304,0140,8,82,42,39,74,C1,D1,74,12,R
7.108518,0316,8,3B,01,67,69,09,3D,03,FF,R
7.112842,0140,8,E2,BF,0E,8A,46,EC,81,10,R
7.113321,0260,8,8C,50,E7,BD,2B,66,F4,E8,R
7.122736,0140,8,AF,7E,2C,00,28,E3,03,84,R
7.127656,0316,8,72,FE,C5,A3,E3,6E,75,B5,R
7.131833,0140,8,59,B6,E4,79,A7,59,AD,96,R
7.133274,0430,8,10,49,44,9A,1C,CE,12,B7,R
7.133996,0260,8,7A,16,A5,F5,30,58,D5,B8,R
7.141925,0140,8,31,DC,6E,19,72,5D,89,7B,R
7.147516,0316,8,8A,28,AA,47,FE,43,90,25,R
7.147927,0329,8,CE,4E,AA,D5,22,1A,94,02,R
7.152002,0140,8,C9,74,6E,A7,06,DE,AF,9B,R
7.152555,0545,8,94,9A,92,3B,5B,39,1B,FB,R
7.154285,0260,8,65,63,C2,96,D4,47,0A,B2,R
7.162690,0140,8,C3,5B,59,3F,0F,D4,F9,44,R
7.167924,0316,8,C2,9A,8B,33,AF,5D,26,97,R
7.172623,0140,8,28,C3,D2,86,21,73,8B,11,R
7.174021,0260,8,C5,D7,56,B0,3C,A1,2A,59,R
7.182104,0140,8,0B,14,D4,C6,AF,ED,96,37,R
7.186934,0316,8,1F,02,8A,B6,B6,8F,82,C3,R
7.192358,0140,8,C1,B2,50,94,35,F4,E5,E6,R
7.193889,0260,8,21,EA,3A,06,41,B8,83,70,R
7.196984,0329,8,56,1A,04,1F,A9,F7,8D,6B,R
7.202042,0140,8,AE,81,4E,1E,83,87,20,33,R
7.207295,0316,8,7E,53,02,0D,20,80,78,EF,R
7.211433,0140,8,F7,35,FC,63,D0,A9,0B,65,R
7.213405,0260,8,DC,7D,BF,69,AA,37,63,5A,R
7.222431,0140,8,73,03,EA,FC,CE,F7,80,C2,R
7.227919,0316,8,58,8B,E9,AB,35,45,25,E3,R
7.232551,0430,8,6C,8C,AF,2B,5C,CA,8D,F2,R
7.233249,0140,8,B9,2C,F8,95,A0,55,5C,4C,R
7.233456,0260,8,14,7B,10,EA,1B,55,9C,F3,R
7.242497,0140,8,23,69,D8,04,2A,69,45,E2,R
7.246025,0329,8,26,1C,80,12,63,98,CC,22,R
7.248800,0316,8,A4,AE,D8,28,21,17,F0,71,R
7.251981,0140,8,69,D7,3E,46,4E,71,11,62,R
7.253144,0545,8,80,5B,FB,C6,01,7F,59,08,R
7.253224,0260,8,67,74,95,C6,0D,D7,A0,31,R
7.262048,0140,8,2E,3B,97,13,66,3A,FE,B9,R
7.268194,0316,8,8A,0F,05,2E,01,6A,C8,76,R
7.272115,0140,8,80,5B,AF,D2,6F,42,1B,FC,R
7.273214,0260,8,4A,CC,EA,4A,8D,93,AB,80,R
7.281695,0140,8,7A,69,BA,5C,C4,03,D4,D5,R
7.287308,0316,8,41,87,2F,0D,C8,3E,34,94,R
7.292406,0140,8,65,FE,BE,DA,D3,08,B5,80,R
7.292491,0260,8,6B,E0,B0,4F,33,AF,01,27,R
7.296315,0329,8,9D,A5,E5,0A,1C,4C,D4,D1,R
7.302134,0140,8,7B,26,75,A7,6B,71,A1,32,R
7.306359,0316,8,B5,90,38,B7,F7,CC,62,7D,R
7.312145,0140,8,5D,72,51,0F,AB,91,45,7D,R
7.312835,0260,8,80,BF,0E,F9,CA,12,B3,A4,R
7.321983,0140,8,84,D2,0D,EE,2E,18,04,92,R
7.325947,0316,8,9D,2B,8A,D7,E7,74,C3,7B,R
7.332047,0140,8,93,3A,32,9C,FF,10,91,A7,R
7.332382,0430,8,CE,18,2D,21,A4,00,BF,14,R
7.333299,0260,8,D6,DD,7E,AD,A1,84,EE,17,R
7.342398,0140,8,91,ED,F6,B6,D6,CD,4E,42,R
7.344967,0316,8,7B,C4,F2,B0,76,16,87,EF,R
7.346781,0329,8,9B,64,15,13,79,18,7C,64,R
7.352514,0140,8,FA,53,20,B0,59,D7,93,E9,R
7.353434,0260,8,F3,83,BF,A2,44,9A,E2,80,R
7.353972,0545,8,6E,A6,23,75,06,38,4C,EE,R
7.362461,0140,8,8C,8F,7E,E6,9F,CD,23,57,R
7.364459,0316,8,2A,EF,EE,11,AA,C5,35,01,R
7.372444,0260,8,88,0B,63,2C,36,73,91,25,R
7.373189,0140,8,2C,2F,C2,04,04,FC,03,EA,R
7.383312,0140,8,C4,D4,9F,5F,DE,A2,74,35,R
7.384543,0316,8,EB,45,2E,CF,E3,86,09,7A,R
7.391738,0260,8,92,47,9E,A8,41,FE,BE,3F,R
7.394168,0140,8,4A,25,3F,7E,9B,70,EC,60,R
7.396280,0329,8,A7,36,F7,16,C4,ED,58,85,R
7.403982,0316,8,3A,F0,B8,43,AC,C2,56,79,R
7.404006,0140,8,58,59,52,54,46,42,C4,59,R
7.412723,0260,8,55,09,8D,FB,B1,3B,36,73,R
7.414416,0140,8,1A,6C,2A,42,4F,8D,8E,11,R
7.424796,0140,8,FC,95,01,B9,A1,A6,44,8A,R
7.424882,0316,8,12,95,91,0B,0E,60,58,B1,R
7.431783,0260,8,9C,98,08,AC,14,82,70,67,R
7.432467,0430,8,18,1E,48,02,90,D2,F9,3A,R
7.434195,0140,8,53,57,72,E2,EF,8A,8C,04,R
7.443456,0140,8,56,A1,F8,3A,13,F7,01,00,R
7.444618,0316,8,5A,89,7A,86,5F,0A,3F,EF,R
7.446573,0329,8,2A,28,57,C1,D4,1C,2D,31,R
7.451932,0260,8,0D,5D,50,82,5D,23,5F,30,R
7.452811,0140,8,AD,E4,AB,47,14,62,97,09,R
7.454249,0545,8,A3,9F,AE,D9,16,83,CA,38,R
7.463682,0140,8,54,FE,97,D1,7E,D3,EC,C9,R
7.464703,0316,8,9C,C5,7B,73,A1,C2,57,2B,R
7.472459,0260,8,CF,F2,F6,9F,B3,22,42,D2,R
7.474468,0140,8,B0,6B,6D,EA,44,73,0A,82,R
7.483471,0140,8,69,66,AB,EB,B9,E6,E7,85,R
7.484356,0316,8,CD,A9,1D,81,3F,68,3B,19,R
7.493053,0260,8,7A,9C,BB,29,6D,83,48,82,R
7.493407,0140,8,5A,08,89,AD,3A,E9,7B,3E,R
7.497518,0329,8,C8,76,8A,5C,27,12,BE,B1,R
7.502913,0140,8,F3,00,74,0E,69,8F,CD,30,R
7.503828,0316,8,1E,1F,58,F6,1C,B3,6E,5A,R
7.511994,0140,8,EE,47,4F,19,0D,DF,AA,77,R
7.512327,0260,8,B6,74,E9,D4,D7,BB,2F,F7,R
7.521176,0140,8,82,5E,6F,E9,54,79,FB,AC,R
7.523523,0316,8,38,9C,BA,A1,16,10,02,54,R
7.530958,0140,8,56,09,11,72,20,12,AB,51,R
7.531350,0260,8,45,56,30,04,8F,56,44,19,R
7.532750,0430,8,98,5A,11,64,13,99,C4,99,R
7.540857,0140,8,69,E9,D7,08,C0,E8,F8,55,R
7.544139,0316,8,DD,1E,B0,FA,FD,6B,5A,18,R
7.547843,0329,8,50,8C,E0,AC,61,7C,B2,53,R
7.550446,0140,8,6D,A3,8A,8B,9F,EE,41,55,R
7.552106,0260,8,69,F5,DE,EE,CD,77,98,A3,R
7.554237,0545,8,28,27,68,99,1A,A0,27,7D,R
7.559520,0140,8,0F,09,7E,18,70,D4,4F,F1,R
7.564413,0316,8,40,9C,1E,91,C4,A6,E5,D3,R
7.569189,0140,8,84,59,9D,34,3A,58,F8,BF,R
7.571556,0260,8,04,46,5A,29,E9,7B,0C,3C,R
7.579692,0140,8,5D,BF,B0,5C,76,5B,D7,A8,R
7.584096,0316,8,5E,6C,93,B6,DE,CD,FE,EE,R
7.590431,0140,8,34,62,41,47,D6,56,47,E3,R
7.591844,0260,8,2C,24,17,1B,EF,83,5F,55,R
7.596958,0329,8,9D,9A,54,2E,DA,71,81,29,R
7.599525,0140,8,0D,8C,B4,E7,E5,75,41,99,R
7.603142,0316,8,54,3C,23,54,B3,D9,57,4E,R
7.610020,0140,8,4D,4D,21,74,B3,E0,1B,FF,R
7.612525,0260,8,AF,BE,6C,8C,44,DD,98,52,R
7.620024,0140,8,FF,4F,06,EA,C3,5E,23,33,R
7.623694,0316,8,D1,AA,1E,58,DA,CC,D9,9A,R
7.630052,0140,8,4B,34,6C,54,57,D6,93,AC,R
7.631693,0260,8,48,7E,C3,AD,2F,B3,56,F0,R
7.632192,0430,8,69,BC,19,41,A9,27,71,AA,R
7.639890,0140,8,34,E5,87,52,57,9C,58,EB,R
7.643613,0316,8,03,37,D1,E7,C3,2B,9A,6C,R
7.646204,0329,8,FD,FD,04,84,26,06,F2,C0,R
7.650830,0140,8,AA,CE,3B,F0,75,25,62,10,R
7.651238,0260,8,3B,46,FB,F4,78,E4,94,DD,R
7.654527,0545,8,F6,4E,56,3F,BD,90,F0,FA,R
7.661675,0140,8,CB,7E,99,14,53,DC,69,89,R
7.663462,0316,8,29,45,46,9A,C5,11,46,77,R
7.671606,0260,8,2A,5E,39,2D,D4,2D,93,6D,R
7.672555,0140,8,2A,E7,9B,75,BF,46,11,5B,R
7.681652,0140,8,AE,11,B4,54,4F,6C,E8,C8,R
7.682563,0316,8,46,52,0A,DC,03,4C,DB,B2,R
7.690911,0260,8,BC,51,CC,36,B8,49,1B,3C,R
7.691184,0140,8,BA,A2,29,BB,ED,86,F2,48,R
7.695540,0329,8,BB,F7,64,D3,E9,30,DA,5D,R
7.701427,0140,8,A8,F0,36,3E,6E,51,08,CC,R
7.702924,0316,8,90,A2,59,88,78,47,95,E0,R
7.711104,0260,8,AE,6E,67,88,99,58,2F,F7,R
7.711238,0140,8,27,64,AC,A7,73,5E,20,ED,R
7.720628,0140,8,A4,66,11,8F,F5,20,CA,3E,R
7.722535,0316,8,EB,B9,47,41,DB,D0,12,E7,R
7.731430,0140,8,A0,D6,F5,6D,94,B9,A8,66,R
7.731661,0260,8,ED,DD,45,91,9D,E3,E1,3B,R
7.732049,0430,8,45,FC,FE,0B,5A,02,36,01,R
7.741270,0140,8,F8,86,EE,A7,A9,2E,A8,6E,R
7.743464,0316,8,61,A4,70,26,31,C5,9E,1F,R
7.746310,0329,8,33,01,31,BA,63,46,74,1E,R
7.751386,0140,8,91,88,03,27,1D,06,C7,B7,R
7.752525,0260,8,06,EA,02,0F,E0,88,A5,3B,R
7.754238,0545,8,BF,70,D1,29,5F,46,79,DA,R
7.760852,0140,8,0E,B2,57,B3,6E,F3,38,8F,R
7.764354,0316,8,BB,0B,CD,8E,BE,31,91,BC,R
7.770260,0140,8,E0,95,6E,79,11,94,C6,E7,R
7.771585,0260,8,09,28,95,7D,6E,B4,67,E2,R
7.779901,0140,8,9F,81,B0,56,25,36,D2,A5,R
7.784170,0316,8,5C,99,1B,4F,E8,9D,FD,DD,R
7.790478,0140,8,DD,1D,A5,66,75,9A,EC,3F,R
7.791963,0260,8,91,D0,57,DC,6F,09,10,79,R
7.796951,0329,8,0E,0A,3B,AC,27,68,C4,02,R
7.799590,0140,8,D4,D5,80,73,C6,CC,B8,B8,R
7.803467,0316,8,51,F0,36,9C,06,3D,6C,40,R
7.810256,0140,8,6D,9E,DD,B1,33,1C,C7,EC,R
7.812356,0260,8,E9,A8,F8,1C,53,AC,28,A1,R
7.820109,0140,8,61,14,5E,81,6E,B0,B2,58,R
7.823243,0316,8,7D,A9,E6,BC,BE,87,07,B9,R
7.830399,0140,8,DD,80,EC,CE,5D,C7,98,82,R
7.831558,0430,8,74,51,48,5A,93,8C,B3,DF,R
7.831758,0260,8,42,FA,B5,06,B1,70,37,EF,R
7.840130,0140,8,7E,62,CE,38,9C,A5,7D,6A,R
7.843052,0316,8,24,03,06,5C,97,2B,16,16,R
7.846266,0329,8,7C,D1,FB,9B,A7,A9,9E,D8,R
7.849854,0140,8,36,3A,6A,64,CC,CE,A5,29,R
7.851780,0260,8,90,C2,BB,2A,03,10,77,D7,R
7.853813,0545,8,2F,A8,8B,EE,15,56,44,0E,R
7.860337,0140,8,FB,84,A5,2C,76,9E,BE,5B,R
7.862145,0316,8,EB,45,41,24,EB,A3,91,A9,R
7.871016,0140,8,0F,EB,C0,09,43,AA,8F,61,R
7.871449,0260,8,7C,0B,B6,5D,8F,CD,8E,D2,R
7.881254,0316,8,EA,FF,3E,B2,E9,C6,CD,28,R
7.881293,0140,8,E3,21,B4,A4,81,A9,36,E6,R
7.890708,0260,8,5A,8A,E6,DC,AD,1C,DC,58,R
7.891921,0140,8,15,5D,15,AF,EB,6B,ED,93,R
7.896567,0329,8,AB,24,80,50,5F,00,9E,7A,R
7.900503,0316,8,83,7A,80,FB,D4,4E,0A,B4,R
7.902344,0140,8,AB,7B,26,DF,C0,F3,2A,5E,R
7.910313,0260,8,1F,76,D0,18,63,D0,A1,3C,R
7.911891,0140,8,41,B1,62,3C,DA,F2,36,94,R
7.919522,0316,8,D8,65,6D,54,09,39,B8,28,R
7.920929,0140,8,55,52,6D,C2,42,DE,73,58,R
7.929931,0140,8,4C,BA,82,D4,56,B9,7D,D3,R
7.931112,0260,8,95,7B,CD,3E,B2,EA,11,97,R
7.932257,0430,8,8A,23,18,B8,ED,52,59,11,R
7.939252,0316,8,BE,05,FE,06,FE,51,99,72,R
7.939806,0140,8,C9,9B,1D,74,8D,40,DF,F4,R
7.946044,0329,8,CF,FA,57,94,D3,A5,C6,13,R
7.948858,0140,8,38,0A,A8,EB,FE,B6,B3,91,R
7.951368,0260,8,FE,27,AD,03,81,AC,A3,84,R
7.953241,0545,8,0C,91,D0,9C,8D,9A,D5,19,R
7.958254,0316,8,F6,68,B1,A2,15,00,81,41,R
7.959265,0140,8,EE,29,60,31,C0,33,05,F3,R
7.968704,0140,8,70,9C,E4,B8,68,52,89,6C,R
7.970908,0260,8,57,04,51,1D,74,7C,E5,D9,R
7.979205,0316,8,FD,EA,C9,C6,D3,02,CC,0A,R
7.979207,0140,8,7B,DE,85,78,BF,F4,FA,D7,R
7.988724,0140,8,7B,1D,6F,A7,FB,B1,19,7A,R
7.990373,0260,8,77,BD,6C,E0,F5,13,11,8B,R
7.995877,0329,8,FF,F3,DD,48,AD,A7,FF,82,R
7.999062,0140,8,B6,04,79,24,7C,3F,C7,45,R
7.999682,0316,8,D8,0D,5A,07,FB,CC,BE,EA,R
8.008987,0140,8,8B,3B,2E,20,3A,24,BC,CB,R
8.009549,0260,8,65,D3,2C,81,A3,7E,F2,84,R
8.019019,0140,8,EA,D8,6C,98,7D,57,B0,5D,R
8.019977,0316,8,26,43,AB,CB,E4,6A,11,02,R
8.028071,0140,8,07,66,0E,D4,C4,32,5D,4F,R
8.030204,0260,8,4F,0C,61,50,98,FB,19,2E,R
8.031998,0430,8,99,1A,30,6F,1E,E7,A0,12,R
8.037562,0140,8,3D,EC,84,B3,D8,00,5A,65,R
8.039625,0316,8,4A,66,86,CF,C4,2C,01,52,R
8.045227,0329,8,A5,8D,F9,E8,2E,82,FD,9F,R
8.047015,0140,8,77,74,E8,F8,4E,07,49,0A,R
8.050933,0260,8,D2,87,6A,CB,8B,E7,95,F0,R
8.052452,0545,8,89,E4,31,A6,62,97,47,FC,R
8.057493,0140,8,0B,0D,FC,D3,6D,87,7A,1B,R
8.058749,0316,8,14,F1,CA,44,73,34,7C,16,R
8.066952,0140,8,D3,4C,A2,7E,2C,B9,2E,DB,R
8.071197,0260,8,26,30,1C,85,59,5E,DC,4C,R
8.076703,0140,8,EF,1C,5B,2D,FE,D6,98,DF,R
8.079423,0316,8,29,30,CC,FA,A5,01,45,74,R
8.085786,0140,8,7B,00,96,91,BA,4E,81,51,R
8.091843,0260,8,42,49,7C,12,8F,E9,E7,9A,R
8.096023,0329,8,C9,67,FD,15,E3,7E,2F,DB,R
8.096243,0140,8,A5,8F,FF,7D,6E,75,3C,EE,R
8.098762,0316,8,2C,44,C8,90,C5,92,55,41,R
8.106814,0140,8,41,25,45,9F,20,FB,8E,CA,R
8.112091,0260,8,81,0A,87,8B,4B,12,A1,3F,R
8.117496,0140,8,F3,46,26,F6,87,0F,81,CC,R
8.119362,0316,8,6F,E1,EE,72,A5,16,76,4F,R
8.126797,0140,8,00,6E,52,D9,9B,8E,F6,AB,R
8.132160,0260,8,91,34,AA,2C,98,8B,67,0C,R
8.132347,0430,8,8F,6D,61,8E,C9,35,8C,51,R
8.136947,0140,8,7A,4E,94,F4,F7,85,A8,3B,R
8.138643,0316,8,76,E7,5D,A2,4B,AF,F6,4C,R
8.146796,0329,8,8C,84,F3,E0,B6,DC,9C,00,R
8.146922,0140,8,05,96,FC,BC,21,07,BB,7C,R
8.152206,0260,8,D8,0E,3E,B5,EA,68,C9,69,R
8.153153,0545,8,40,A6,14,F4,00,3A,36,3A,R
8.156487,0140,8,A8,17,B4,64,AC,72,9F,6D,R
8.157800,0316,8,93,28,9A,5B,A3,AA,37,C2,R
8.165550,0140,8,7C,00,47,3C,7C,A9,B4,CC,R
8.172215,0260,8,A0,85,52,F1,43,B7,CC,72,R
8.175536,0140,8,60,C9,D0,D0,9A,E8,BF,E1,R
8.177600,0316,8,BD,5C,76,A2,42,8A,77,DD,R
8.184722,0140,8,05,EE,81,E8,89,A0,28,C4,R
8.193081,0260,8,2F,02,92,BE,D9,59,13,99,R
8.193898,0140,8,A0,EC,53,50,86,DC,6F,EE,R
8.197184,0329,8,14,8D,B6,6B,EE,41,D7,89,R
8.197673,0316,8,87,9F,7B,2A,1C,0F,06,70,R
8.204635,0140,8,0E,0C,AE,FD,D2,77,9B,AC,R
8.212799,0260,8,3C,9D,9E,30,F7,6C,3E,E8,R
8.214031,0140,8,9F,3F,23,06,77,51,B4,9A,R
8.218161,0316,8,AD,15,FC,2B,02,17,F4,71,R
8.224919,0140,8,63,C8,99,C8,07,9D,62,E9,R
8.232016,0260,8,7B,D3,A1,FE,54,2B,C7,C5,R
8.233303,0430,8,FC,39,3F,0D,37,0B,96,EC,R
8.235322,0140,8,E3,05,E6,C0,A9,28,71,D9,R
8.237780,0316,8,43,BB,3B,50,93,03,79,3F,R
8.244776,0140,8,37,F7,A7,28,E0,F7,91,A1,R
8.247891,0329,8,9C,40,C6,AA,FB,F5,8A,26,R
8.251954,0260,8,A9,93,99,5B,2C,24,76,E5,R
8.252257,0545,8,FA,64,75,6E,64,2C,B3,07,R
8.254073,0140,8,85,F7,C2,28,A8,61,56,D1,R
8.257081,0316,8,90,D6,05,AC,E7,F5,82,0D,R
8.264113,0140,8,78,35,71,BD,E6,B1,A4,9D,R
8.271945,0260,8,A9,75,CA,1B,CC,C0,04,0C,R
8.273443,0140,8,8F,00,99,DB,9A,68,9D,36,R
8.276464,0316,8,BE,AA,FB,31,5D,E5,B2,0E,R
8.282474,0140,8,59,36,64,DF,B6,62,E6,87,R
8.291515,0140,8,C1,05,89,45,EB,F3,33,72,R
8.291821,0260,8,B3,A6,B1,FB,E1,34,88,9F,R
8.297121,0316,8,E7,AA,16,30,10,14,2D,C7,R
8.298630,0329,8,07,B9,A9,9C,F7,5D,0E,4D,R
8.301359,0140,8,63,B6,65,2D,5F,5E,28,02,R
8.310602,0140,8,73,16,AB,92,DB,9A,8F,E3,R
8.311738,0260,8,86,06,A0,0F,9A,5D,BC,AA,R
8.317153,0316,8,95,73,20,AE,52,D3,4E,CF,R
8.321206,0140,8,A1,CA,F2,7F,B2,96,87,61,R
8.331769,0140,8,EB,5B,7A,71,96,73,B8,82,R
8.332107,0260,8,8C,3E,7D,FE,A6,07,DF,CE,R
8.333167,0430,8,8D,AA,26,0F,72,48,1A,B6,R
8.337835,0316,8,56,9E,84,10,EC,D0,9C,C0,R
8.342727,0140,8,D1,58,89,FB,35,FC,E2,C2,R
8.349388,0329,8,B5,A0,38,3B,42,18,0B,7C,R
8.351878,0260,8,0C,87,F1,00,69,6C,CE,3E,R
8.353075,0545,8,3B,29,A9,09,CD,AC,50,46,R
8.353181,0140,8,08,03,21,7F,AC,83,97,2F,R
8.357010,0316,8,D5,BD,4C,57,9D,C0,77,24,R
8.363596,0140,8,5D,36,E3,21,34,7D,F4,A4,R
8.370932,0260,8,CF,3C,6E,48,0C,60,62,3C,R
8.373020,0140,8,2D,D9,DF,E0,71,F2,40,92,R
8.376558,0316,8,0D,B8,1D,0F,E3,E5,06,33,R
8.383273,0140,8,63,B8,77,E1,3F,46,CC,0E,R
8.390643,0260,8,9F,7C,0F,C2,DF,25,AA,8F,R
8.392369,0140,8,52,E9,32,6D,90,81,5C,F1,R
8.395688,0316,8,0C,D1,27,02,B8,CB,47,2E,R
8.398527,0329,8,AD,1F,63,8F,0E,67,85,58,R
8.402398,0140,8,F3,63,06,CA,14,EC,3F,4A,R
8.411384,0260,8,53,7E,66,02,49,40,5C,2D,R
8.413015,0140,8,02,C3,E0,88,38,94,8A,A5,R
8.416541,0316,8,2F,88,6F,58,8D,14,6F,13,R
8.422903,0140,8,81,19,6D,5A,5A,3B,63,BC,R
8.432126,0260,8,01,77,26,F3,F9,92,72,70,R
8.432217,0140,8,95,95,C4,3E,E9,D0,33,A5,R
8.432705,0430,8,3B,90,28,33,26,49,F6,E9,R
8.436671,0316,8,9F,82,E7,AF,BB,4B,4E,B7,R
8.441506,0140,8,56,42,8C,B7,69,C7,7E,AA,R
8.449105,0329,8,2C,40,83,12,33,19,9A,12,R
8.451824,0140,8,76,B4,B3,0C,71,05,23,F4,R
8.452015,0260,8,8F,E8,1D,35,92,D0,1E,3E,R
8.452139,0545,8,5C,E6,1D,37,16,B0,C1,02,R
8.457289,0316,8,A0,D9,9E,1A,2A,43,ED,F2,R
8.461100,0140,8,1F,CD,CF,FA,7F,45,D7,9A,R
8.471782,0140,8,37,E5,FD,E7,05,CA,43,96,R
8.471808,0260,8,F7,FC,C3,C0,A9,C4,AC,2C,R
8.476851,0316,8,4B,77,BA,1D,90,3D,08,D8,R
8.481240,0140,8,E6,96,DC,85,2F,9B,C4,6C,R
8.491114,0260,8,63,DF,89,E8,CC,B3,68,9E,R
8.492218,0140,8,B6,F2,5C,1D,1A,64,E5,13,R
8.497101,0316,8,30,11,F8,7A,57,10,A7,ED,R
8.499899,0329,8,C1,14,89,61,23,72,EE,5C,R
8.501380,0140,8,23,7E,95,73,13,8D,0C,79,R
8.511654,0140,8,67,92,C4,3E,C2,5D,18,2B,R
8.511685,0260,8,89,74,86,5C,12,3C,97,6C,R
8.516826,0316,8,2E,12,1D,55,A9,89,4D,E6,R
8.521312,0140,8,32,E7,F9,D1,11,64,F1,46,R
8.531147,0140,8,0F,05,74,92,09,FD,AD,85,R
8.531732,0260,8,B3,A6,00,8F,4E,2B,2F,8D,R
8.533464,0430,8,EC,3E,D8,C7,98,12,A2,69,R
8.536506,0316,8,60,A9,AE,31,6A,34,50,24,R
8.541542,0140,8,47,99,AD,46,D1,81,81,03,R
8.549892,0329,8,80,36,0C,A1,3A,9C,77,4D,R
8.550671,0140,8,ED,F1,58,4D,21,DC,E1,74,R
8.551412,0545,8,A8,A7,CB,67,71,23,D3,54,R
8.552256,0260,8,A4,12,53,0D,15,AA,7C,66,R
8.556232,0316,8,D9,AC,D9,E9,54,0C,19,3E,R
8.560789,0140,8,E1,4A,CC,F7,A7,23,AA,BA,R
8.570568,0140,8,0B,ED,B8,CE,46,FC,DA,BE,R
8.572994,0260,8,F8,C1,3F,03,99,56,FC,D4,R
8.576876,0316,8,8D,7E,F8,FD,98,BA,71,BE,R
8.580938,0140,8,38,00,CD,11,57,DA,FD,05,R
8.590804,0140,8,25,AB,B8,E3,13,88,55,96,R
8.593041,0260,8,5A,6B,F3,23,EE,11,0F,FE,R
8.596321,0316,8,8F,C5,33,C4,C5,3C,C8,E5,R
8.599091,0329,8,12,BE,99,BA,D1,4D,86,DF,R
8.601531,0140,8,09,C0,67,D2,19,A9,CE,B5,R
8.611029,0140,8,BB,2A,66,D4,FD,91,2B,18,R
8.612460,0260,8,3D,50,66,FC,BF,7A,FC,DA,R
8.615491,0316,8,D5,DB,CE,7F,0B,4D,9B,0D,R
8.621939,0140,8,AB,49,24,4F,65,D0,9E,02,R
8.631739,0140,8,62,E3,D2,19,94,0F,17,EF,R
8.632089,0260,8,AF,CB,23,FC,1E,AE,B9,C0,R
8.632561,0430,8,B5,64,A6,BE,B7,B7,FB,7B,R
8.635333,0316,8,42,C1,E5,52,28,88,DA,AA,R
8.641578,0140,8,00,F8,90,2E,48,70,23,9F,R
8.648179,0329,8,C2,31,79,87,68,F8,4B,95,R
8.650635,0545,8,1E,AF,8C,70,66,30,03,28,R
8.650949,0140,8,F9,C5,8B,C7,8E,A7,F8,36,R
8.651187,0260,8,52,E4,B2,14,0C,C8,2E,76,R
8.655563,0316,8,DD,14,C7,73,7E,31,F3,23,R
8.660225,0140,8,C8,FC,9B,8A,9C,A5,3B,AE,R
8.669825,0140,8,C8,8A,E4,9E,36,E3,70,65,R
8.671830,0260,8,94,5B,11,19,DE,39,DE,F7,R
8.675843,0316,8,BB,DD,AB,95,5B,9D,E9,AC,R
8.679330,0140,8,AB,C2,12,B0,09,21,7E,FA,R
8.689436,0140,8,59,DC,60,A6,4F,F2,8D,8D,R
8.692635,0260,8,54,41,31,C9,90,0C,CB,1B,R
8.696594,0316,8,AD,DD,58,B3,12,9E,5A,74,R
8.698952,0329,8,8B,4B,97,A5,B6,C0,02,44,R
8.699560,0140,8,CA,E5,BC,80,BF,FD,BE,AE,R
8.708713,0140,8,BC,3D,CD,61,2D,08,E4,9A,R
8.711806,0260,8,2C,01,D4,EF,FD,D6,80,01,R
8.716942,0316,8,FC,D8,7C,57,58,80,47,0B,R
8.719413,0140,8,9E,F1,34,48,20,8F,96,98,R
8.730380,0140,8,F7,9A,E8,E9,F0,CF,53,9D,R
8.732611,0260,8,7A,91,7B,A1,CB,74,72,05,R
8.733554,0430,8,03,F1,E3,EF,57,B3,D0,53,R
8.737711,0316,8,C6,5A,AC,29,18,93,47,A8,R
8.739941,0140,8,43,4A,D9,A8,76,48,D8,B5,R
8.749921,0329,8,AB,4D,89,08,BB,FE,D6,CD,R
8.750275,0545,8,28,72,65,E2,DB,C3,CD,42,R
8.750665,0140,8,BA,24,9B,40,61,73,24,65,R
8.752572,0260,8,3B,BB,06,25,37,82,CE,2C,R
8.756848,0316,8,10,EB,EA,A9,D9,E1,C6,47,R
8.760857,0140,8,B1,94,84,79,81,EA,D5,A3,R
8.770562,0140,8,6F,54,FA,C1,33,32,84,53,R
8.772977,0260,8,57,A9,18,FA,FF,65,5F,4C,R
8.776202,0316,8,47,03,68,04,71,18,EF,FE,R
8.780261,0140,8,DE,12,1F,F1,FC,AA,B1,F4,R
8.791252,0140,8,C8,7A,CC,DE,1D,5C,82,D6,R
8.793520,0260,8,1F,C3,C3,AF,09,27,A8,E4,R
8.796473,0316,8,99,41,35,E7,CF,ED,FA,0C,R
8.800729,0329,8,3C,4A,FE,93,3A,36,55,09,R
8.801839,0140,8,3D,C5,B6,BF,91,59,04,A7,R
8.812618,0140,8,62,6F,CF,B5,45,3C,40,3E,R
8.814188,0260,8,79,3F,08,63,07,04,1C,50,R
8.816580,0316,8,F8,EA,EF,34,D5,BA,29,70,R
8.822734,0140,8,94,D8,0E,0F,44,C4,69,C1,R
8.831981,0140,8,B9,5B,FE,E7,12,62,E0,75,R
8.832656,0430,8,74,41,B3,28,55,81,91,A7,R
8.834277,0260,8,24,CA,B5,A7,C3,E8,25,6F,R
8.836669,0316,8,AE,09,9D,1C,D2,A6,56,80,R
8.842575,0140,8,1C,EC,F5,95,F7,DE,2F,7E,R
8.850470,0329,8,E6,64,82,EB,9F,97,0E,3C,R
8.851258,0545,8,87,C6,C9,83,F7,98,20,4F,R
8.852528,0140,8,3A,A0,2A,25,C7,3E,99,58,R
8.854003,0260,8,16,27,55,DB,F2,05,43,39,R
8.856473,0316,8,26,46,EC,5C,A8,C7,CA,12,R
8.862922,0140,8,32,77,7C,77,B4,96,25,43,R
8.872468,0140,8,94,F9,7C,2F,C6,7B,EA,4F,R
8.873786,0260,8,3F,0D,47,67,6D,92,62,CA,R
8.876398,0316,8,59,F0,86,FD,6D,D0,43,FD,R
8.883160,0140,8,67,37,F8,9F,CB,B1,FB,C0,R
8.893420,0140,8,74,50,02,3C,BA,67,CC,47,R
8.893527,0260,8,4D,AB,3D,81,40,EB,41,DF,R
8.896027,0316,8,3B,CE,42,E2,61,AF,8A,9C,R
8.900052,0329,8,20,14,5A,69,6A,3C,74,E4,R
8.903443,0140,8,E5,D6,1D,C5,CC,D2,CE,23,R
8.914208,0140,8,5D,8E,0C,91,B1,AF,CF,61,R
8.914245,0260,8,FF,F2,08,15,F1,1A,E5,3E,R
8.916220,0316,8,F0,62,C1,49,80,22,EC,42,R
8.924250,0140,8,D7,77,E6,D5,D6,E6,B2,6C,R
8.931930,0430,8,44,E7,9C,62,F8,D5,FA,44,R
8.934166,0260,8,BF,B7,C0,73,5D,9F,C5,9D,R
8.934169,0140,8,F4,9D,C0,3A,44,7D,D9,18,R
8.937162,0316,8,5E,B0,D9,DF,BA,82,EA,BA,R
8.944390,0140,8,ED,AA,79,AC,C9,85,81,E8,R
8.949647,0329,8,02,E0,00,7E,94,42,BF,36,R
8.950799,0545,8,D5,6C,4E,A6,47,CF,74,6F,R
8.954050,0260,8,80,E7,22,E4,36,67,A9,B9,R
8.954770,0140,8,3C,82,F7,CF,35,C0,A4,25,R
8.956767,0316,8,32,6D,E9,1F,5E,57,3D,15,R
8.965024,0140,8,FA,FB,DF,AA,EA,07,A2,23,R
8.974954,0260,8,E9,E1,C4,1F,2B,F2,73,84,R
8.974994,0140,8,07,00,AF,C1,57,B5,4A,9B,R
8.976610,0316,8,C3,D9,B8,60,0F,51,22,B5,R
8.984374,0140,8,60,67,37,99,9B,6C,1B,B8,R
8.993775,0140,8,95,73,B2,7B,BD,FA,A5,24,R
8.994799,0260,8,E3,55,32,96,7C,82,E3,00,R
8.996546,0316,8,0D,53,67,F9,4A,55,E8,D8,R
9.000345,0329,8,BE,3B,EE,B4,8F,49,D2,45,R
9.003324,0140,8,55,64,0A,3F,9A,E6,B9,0B,R
9.012645,0140,8,F6,49,3E,82,BB,72,CF,FF,R
9.013941,0260,8,16,FC,47,3E,0E,E8,9B,A2,R
9.016123,0316,8,2E,74,01,7F,A0,10,83,F7,R
9.021742,0140,8,BA,74,FE,23,73,80,D7,00,R
9.030763,0140,8,40,54,25,01,F4,4D,4F,55,R
9.031043,0430,8,73,2F,1A,E0,E5,CB,1A,20,R
9.034805,0260,8,50,7C,9D,34,D4,61,50,85,R
9.037079,0316,8,88,1E,6F,14,6A,22,F1,3F,R
9.040195,0140,8,37,E0,23,60,AF,08,12,8C,R
9.049502,0140,8,4B,95,E9,EB,70,14,3A,0C,R
9.050553,0329,8,35,6E,12,66,3E,32,AB,2C,R
9.051217,0545,8,D0,38,A7,7C,44,49,03,0C,R
9.054863,0260,8,BC,F7,C0,46,9D,BB,A0,60,R
9.057063,0316,8,64,94,C7,23,1E,43,AF,58,R
9.058823,0140,8,43,92,99,53,08,6B,14,2E,R
9.068708,0140,8,02,7C,4D,CF,B6,3D,A0,97,R
9.074514,0260,8,58,44,EA,3C,5E,81,24,C6,R
9.076865,0316,8,C9,11,DA,93,99,61,9D,29,R
9.077810,0140,8,50,48,FF,8D,8D,4A,F8,DC,R
9.088564,0140,8,D2,91,FB,13,79,B2,42,5F,R
9.094306,0260,8,3C,DD,8B,E7,FF,3C,1A,61,R
9.096373,0316,8,90,E0,36,C9,2D,7A,2D,4E,R
9.099341,0140,8,8E,55,7F,29,E6,DA,89,5D,R
9.100863,0329,8,80,52,A2,5E,14,7A,BF,CF,R
9.108590,0140,8,F6,0C,28,19,80,25,C6,54,R
9.113538,0260,8,18,24,81,72,98,98,03,D8,R
9.117193,0316,8,7C,D3,B4,4C,26,ED,0C,06,R
9.119292,0140,8,3D,7D,86,15,C8,20,B6,39,R
9.128815,0140,8,57,E0,F4,EB,59,AB,B9,0A,R
9.131374,0430,8,82,F9,33,21,2F,BF,DA,94,R
9.133542,0260,8,3C,DF,3E,7F,5D,CB,DE,7D,R
9.136480,0316,8,49,6B,2A,AC,F3,E0,C8,39,R
9.138770,0140,8,70,7E,84,0E,52,67,C3,80,R
9.148542,0140,8,80,52,CC,C7,20,2D,74,89,R
9.151004,0329,8,DA,65,35,4D,54,DF,86,71,R
9.151712,0545,8,20,04,8B,C9,C7,4E,34,32,R
9.154453,0260,8,01,AE,0F,71,92,8C,DD,2B,R
9.156657,0316,8,D3,D1,79,A4,4E,28,E0,50,R
9.158811,0140,8,1C,81,38,D3,B5,89,5F,DC,R
9.168596,0140,8,CE,52,86,0B,22,B0,4A,22,R
9.174218,0260,8,82,12,6E,17,B1,26,B5,04,R
9.177266,0316,8,A3,E8,84,4A,76,CD,89,D8,R
9.177789,0140,8,41,C1,AC,1B,3F,AE,35,83,R
9.188099,0140,8,F0,1D,08,91,58,9D,C3,37,R
9.194689,0260,8,2F,94,61,C5,E4,7E,FC,88,R
9.197143,0316,8,6F,A0,FF,DC,AC,A5,74,1C,R
9.197207,0140,8,C9,69,24,73,96,91,05,B6,R
9.201539,0329,8,E8,CA,AF,29,7A,19,BA,A0,R
9.206510,0140,8,2F,05,78,52,72,03,10,12,R
9.214470,0260,8,E3,92,0E,9E,89,C8,21,92,R
9.216478,0140,8,A7,84,9D,FB,BD,22,E9,B3,R
9.216942,0316,8,51,10,09,AB,A0,63,86,02,R
9.226154,0140,8,35,BA,5B,CA,46,33,F0,FE,R
9.230408,0430,8,AD,63,0B,4C,70,51,55,A2,R
9.235267,0140,8,D7,46,87,8C,36,BC,03,5E,R
9.235354,0260,8,2C,CA,56,8B,4E,D7,BB,E6,R
9.237388,0316,8,C9,F7,DD,CF,14,66,5D,4E,R
9.245920,0140,8,6F,99,34,C7,A3,EF,75,DF,R
9.251129,0329,8,99,74,32,17,18,C8,17,49,R
9.251420,0545,8,F9,6C,B4,14,F1,AC,2E,41,R
9.255741,0140,8,E4,07,A2,A7,E2,40,B1,AF,R
9.255861,0260,8,65,F8,71,58,95,48,AA,0C,R
9.258193,0316,8,20,B9,38,0A,96,89,2D,BF,R
9.265531,0140,8,32,60,42,6A,4B,16,A9,99,R
9.275495,0140,8,6B,7A,D8,AF,73,86,1E,39,R
9.275607,0260,8,87,34,BE,DA,6B,57,71,5F,R
9.277971,0316,8,DB,A9,A3,AF,24,6A,4B,82,R
9.285773,0140,8,F9,20,F1,88,A6,98,21,5C,R
9.294786,0260,8,C0,D1,5C,CE,D8,42,BB,09,R
9.295712,0140,8,EC,8A,ED,A3,BE,88,C7,F0,R
9.296980,0316,8,C4,5D,34,B4,D3,26,41,65,R
9.301959,0329,8,0D,3D,58,E9,C8,F3,7A,17,R
9.305617,0140,8,23,59,B4,91,EB,7F,78,19,R
9.314455,0260,8,21,B2,08,B6,AC,9E,B4,AA,R
9.314733,0140,8,60,29,17,CA,4C,FC,80,00,R
9.316322,0316,8,39,93,AB,E8,35,EE,EC,1B,R
9.325618,0140,8,31,38,91,07,99,AD,09,93,R
9.331392,0430,8,FC,EA,6D,FC,43,9E,E7,21,R
9.334452,0260,8,9C,39,F6,0A,77,A5,63,10,R
9.335759,0316,8,45,5B,70,39,B8,6B,6F,7E,R
9.335908,0140,8,15,42,22,4E,B9,AF,15,05,R
9.344914,0140,8,D9,52,9A,35,25,4D,5C,27,R
9.351030,0545,8,AA,F1,7E,56,0E,50,95,71,R
9.352245,0329,8,D6,57,18,BA,32,E5,31,EC,R
9.353607,0260,8,FD,05,A1,88,B7,D4,21,11,R
9.354790,0140,8,05,6F,8D,73,51,6E,6C,B6,R
9.355687,0316,8,A7,DD,E7,EB,B9,73,8A,7C,R
9.364393,0140,8,CA,17,59,A1,E6,70,17,0C,R
9.373549,0140,8,D0,F2,87,44,F4,64,FA,16,R
9.373938,0260,8,83,9B,99,24,19,B9,C0,1C,R
9.375416,0316,8,E7,9A,F7,FE,76,3E,12,F5,R
9.383505,0140,8,AF,7C,CA,79,EF,B4,7C,B2,R
9.393356,0140,8,D3,09,E7,D7,CD,12,DF,EC,R
9.394572,0260,8,C2,C2,83,6B,EE,B4,0F,42,R
9.395663,0316,8,3B,0B,E7,D6,14,A3,26,D0,R
9.403127,0329,8,02,55,14,48,1B,EB,33,58,R
9.403938,0140,8,5A,0F,BC,C7,4D,A8,6C,1F,R
9.413299,0140,8,9D,FE,B8,F7,38,DD,D8,8A,R
9.414011,0260,8,B8,DD,B3,83,B0,47,51,02,R
9.415958,0316,8,FB,7F,5B,85,AD,C5,EB,84,R
9.423817,0140,8,43,B2,84,90,A3,4F,86,68,R
9.430986,0430,8,D6,77,1A,EB,5C,79,9B,8D,R
9.433449,0260,8,E4,0B,CB,DB,71,5C,4E,CD,R
9.433716,0140,8,13,B1,EC,C7,38,0D,63,5D,R
9.435023,0316,8,77,43,3C,74,E0,C6,01,ED,R
9.443541,0140,8,03,42,25,FC,D4,41,95,46,R
9.450298,0545,8,76,6C,1D,50,14,42,24,51,R
9.452845,0140,8,8E,3C,3B,B1,E5,97,14,1B,R
9.453469,0329,8,50,A3,2A,9A,46,C7,F3,E9,R
9.454432,0260,8,29,98,10,67,9C,9D,8C,83,R
9.455398,0316,8,06,C8,FD,C1,EF,C4,A9,0C,R
9.462688,0140,8,A8,49,D9,C9,06,AD,C4,41,R
9.472165,0140,8,8D,BC,C7,E0,EB,97,05,33,R
9.474958,0260,8,97,07,92,F1,BE,95,55,54,R
9.475087,0316,8,02,7F,A6,A4,4C,CB,FD,CF,R
9.481595,0140,8,9A,01,96,A9,3F,2F,11,62,R
9.490684,0140,8,39,69,1B,77,06,08,F0,37,R
9.494190,0260,8,9A,7B,09,05,A9,7B,47,55,R
9.495448,0316,8,B5,D6,1E,AC,2F,3E,11,28,R
9.499725,0140,8,70,BA,56,60,7E,B6,06,68,R
9.504346,0329,8,ED,9C,08,03,51,1C,08,38,R
9.509899,0140,8,B0,E3,19,B4,32,DF,F4,AC,R
9.514419,0260,8,7D,51,1A,67,86,BB,AA,59,R
9.515128,0316,8,75,8D,09,26,D3,3F,20,2D,R
9.519831,0140,8,4E,4B,0C,4B,8C,98,83,3E,R
9.530205,0140,8,80,43,30,EC,F7,28,A2,65,R
9.530636,0430,8,E5,40,99,5F,72,D0,EC,FA,R
9.535116,0260,8,BF,A8,87,43,1C,4D,14,40,R
9.535504,0316,8,22,D6,07,C2,DA,19,DE,0E,R
9.540479,0140,8,FA,67,68,D3,BE,AA,07,81,R
9.549927,0545,8,E5,EA,24,01,1B,C1,1A,D5,R
9.551270,0140,8,56,7F,A0,FB,C5,9D,E8,2E,R
9.555168,0329,8,8A,74,B0,80,A7,2E,CF,EA,R
9.555303,0316,8,BB,57,BB,B4,DA,11,02,93,R
9.555845,0260,8,6C,7E,0E,45,E2,E1,48,A1,R
9.562089,0140,8,35,E9,62,F2,2A,DB,F8,96,R
9.572929,0140,8,DA,0F,49,C7,51,19,15,20,R
9.575044,0260,8,33,C5,EE,9D,85,B8,A5,C8,R
9.575639,0316,8,1A,9A,41,C2,FC,3C,17,FD,R
9.582001,0140,8,C4,E6,F8,1B,9C,BE,6B,B9,R
9.591185,0140,8,D5,9C,E0,43,9B,30,C1,E3,R
9.595668,0260,8,D8,60,B8,EF,53,ED,ED,09,R
9.596126,0316,8,59,F5,CE,4D,78,79,ED,1D,R
9.601503,0140,8,C3,E0,BF,6E,E5,F4,46,07,R
9.604548,0329,8,0B,16,2C,54,01,08,19,C1,R
9.612383,0140,8,FA,2D,4F,4E,BB,09,32,B7,R
9.614824,0260,8,F8,E9,7F,5D,4B,59,B8,56,R
9.615519,0316,8,3E,7F,24,1F,7C,ED,25,43,R
9.622228,0140,8,C2,04,C1,E8,AD,27,B6,C6,R
9.630197,0430,8,EA,8B,22,6F,32,82,C5,3B,R
9.632464,0140,8,FC,1A,69,FC,6F,1B,B5,D6,R
9.635344,0316,8,0C,D6,37,0B,DD,3C,C9,C7,R
9.635551,0260,8,3F,23,CB,7D,7A,63,68,FA,R
9.642009,0140,8,3E,F0,12,B0,B6,7A,6B,AE,R
9.650776,0545,8,A8,BE,28,4A,68,73,54,20,R
9.651786,0140,8,07,00,26,A2,D3,A0,10,E7,R
9.654590,0329,8,9E,A0,E0,33,F7,69,FE,45,R
9.655417,0316,8,46,CA,A2,2F,B1,2E,47,F4,R
9.656385,0260,8,FB,B0,4F,CA,8C,9F,64,51,R
9.662326,0140,8,99,32,50,53,5A,AE,71,D7,R
9.673185,0140,8,2F,A4,40,0B,DF,9B,CA,C6,R
9.675000,0316,8,45,31,E5,26,77,A0,01,CD,R
9.677253,0260,8,9F,B6,BA,0B,EB,4E,D5,AF,R
9.684166,0140,8,AF,B1,22,DC,77,03,97,8D,R
9.693823,0140,8,31,E0,52,BB,DF,E1,75,E4,R
9.694392,0316,8,DE,42,EF,31,56,E0,DA,ED,R
9.697907,0260,8,A8,B6,D5,42,B4,89,C2,4B,R
9.704209,0140,8,0B,CF,33,AC,62,B1,6D,9B,R
9.704995,0329,8,18,4E,46,7F,4D,8F,E8,1D,R
9.713938,0140,8,EF,47,A7,8E,CF,C5,41,FC,R
9.714168,0316,8,AE,80,CA,3E,E5,54,9F,29,R
9.718755,0260,8,8D,CD,37,46,75,80,D2,36,R
9.722982,0140,8,66,C4,6C,BA,C8,B9,7E,EC,R
9.729216,0430,8,9A,FD,D6,17,FC,ED,7D,78,R
9.732352,0140,8,1A,9A,64,90,85,E3,1E,69,R
9.733671,0316,8,D8,11,6D,65,A4,4E,97,6F,R
9.737896,0260,8,A1,BB,60,19,22,7B,67,10,R
9.741952,0140,8,E5,85,A1,F0,16,EE,E3,A0,R
9.749882,0545,8,BA,FC,B7,C3,90,8B,61,D9,R
9.751676,0140,8,D6,EE,9D,E3,18,75,02,9E,R
9.753441,0316,8,A1,E0,CD,BE,00,3B,5F,E2,R
9.754957,0329,8,E3,2A,B3,0C,61,CE,C8,0B,R
9.757469,0260,8,56,C6,A1,2B,5C,0D,EC,A4,R
9.761264,0140,8,B7,24,2C,6B,F2,B8,B1,01,R
9.772052,0140,8,6C,8A,CD,69,6B,3A,83,13,R
9.773458,0316,8,59,CF,88,95,FB,A3,5D,30,R
9.776640,0260,8,E7,FB,D7,A0,ED,A5,05,16,R
9.782185,0140,8,C8,F2,FC,F9,18,B3,53,72,R
9.792674,0316,8,2D,30,90,58,2A,B0,3A,D0,R
9.792867,0140,8,67,02,CF,9C,4A,8F,5F,35,R
9.796035,0260,8,13,7F,DF,8E,EA,41,8D,FD,R
9.802626,0140,8,41,FF,5B,B4,12,EF,E6,B8,R
9.803991,0329,8,CD,D2,D8,9E,BB,D7,23,33,R
9.811651,0140,8,DC,3D,11,8E,23,B5,0F,A2,R
9.812667,0316,8,70,FF,22,61,89,B0,EB,E9,R
9.815063,0260,8,2E,2B,51,F8,4E,39,C0,66,R
9.820907,0140,8,73,62,44,AF,37,83,DB,A4,R
9.828725,0430,8,A2,DF,D5,B8,44,A6,60,CE,R
9.831668,0316,8,70,EA,7C,36,EE,12,A6,61,R
9.831774,0140,8,62,FF,E7,1B,1F,F5,C9,89,R
9.834767,0260,8,8F,44,67,89,29,F1,17,03,R
9.841249,0140,8,66,DB,B3,72,AE,DA,8D,E2,R
9.850463,0545,8,B8,51,F9,D5,8E,FF,DE,2C,R
9.851877,0316,8,00,30,64,A0,BC,CC,98,54,R
9.851975,0140,8,9C,A3,DC,84,03,A9,F5,98,R
9.854395,0260,8,40,E5,71,42,2D,2A,C5,9B,R
9.854831,0329,8,EE,FA,C8,30,6E,13,17,31,R
9.862064,0140,8,2D,54,28,C0,78,F1,3A,D0,R
9.872017,0140,8,44,46,9B,C9,0E,1F,0F,23,R
9.872256,0316,8,11,4E,D9,BC,4B,50,8B,B6,R
9.873911,0260,8,F5,89,6F,DF,F5,57,4B,C4,R
9.881642,0140,8,25,00,1D,58,82,00,10,0C,R
9.890828,0140,8,EE,A8,3C,65,8C,57,11,A8,R
9.891939,0316,8,90,79,F3,60,74,40,A6,23,R
9.893908,0260,8,28,7A,33,7C,CA,F7,88,C2,R
9.899923,0140,8,DC,9B,5C,59,7F,02,F1,75,R
9.904104,0329,8,B7,42,3B,8E,FA,FB,6F,0F,R
9.909740,0140,8,FC,22,6B,31,EB,3C,96,AD,R
9.912915,0316,8,99,F0,8E,96,F0,54,8D,5D,R
9.914174,0260,8,CC,E5,B7,FF,B2,E9,AF,EB,R
9.919968,0140,8,E3,53,23,8A,8F,28,44,D8,R
9.929651,0430,8,83,31,99,9B,CE,F9,D1,80,R
9.930714,0140,8,CA,72,22,CD,0A,B4,1F,8F,R
9.932907,0316,8,1E,4E,34,A1,FF,2F,B5,D8,R
9.934162,0260,8,84,65,2B,67,F0,6F,6D,85,R
9.941172,0140,8,45,E7,A8,80,9C,CE,64,4C,R
9.949915,0545,8,49,8A,2F,EA,C3,51,F0,CA,R
9.950595,0140,8,FC,03,B4,A9,14,39,FF,8B,R
9.952276,0316,8,A0,3C,FF,08,8F,A7,19,9B,R
9.953145,0329,8,7C,DC,AC,A5,F8,AD,54,06,R
9.954876,0260,8,12,15,D6,63,19,A6,10,53,R
9.960869,0140,8,E7,62,55,CE,1A,77,3C,81,R
9.971533,0140,8,97,C0,AB,DB,9A,8B,EB,60,R
9.972425,0316,8,DB,ED,84,5F,24,B2,34,B4,R
9.974403,0260,8,AA,97,4C,A3,43,EA,57,D6,R
9.981515,0140,8,0F,41,2F,A6,90,0F,62,5D,R
9.992205,0140,8,D5,5C,C2,55,7C,FD,E8,2B,R
9.992361,0316,8,7A,4F,54,74,AE,50,2B,63,R
9.993982,0260,8,A6,0D,87,1E,0D,85,EE,35,R
10.002890,0140,8,38,6E,AA,BE,AD,78,39,06,R
10.003700,0329,8,11,A5,0A,6F,6D,BA,FF,77,R
10.012815,0140,8,E6,9D,4C,FB,38,E5,84,DA,R
10.013221,0316,8,C8,5F,D4,92,E4,72,D2,93,R
10.013978,0260,8,44,78,5F,42,D8,DB,4E,24,R
10.022424,0140,8,0C,F3,86,16,A0,FC,30,92,R
10.030302,0430,8,65,F4,88,07,3E,94,F0,73,R
10.032580,0140,8,1D,09,A7,DB,90,89,5C,B3,R
10.032918,0316,8,0B,18,1A,82,0B,EF,83,62,R
10.034000,0260,8,56,17,D3,DE,9D,B0,4F,65,R
10.042808,0140,8,D2,FF,A2,D2,75,BD,F3,F6,R
10.049929,0545,8,AC,55,ED,F6,EC,6F,2F,AC,R
10.053284,0140,8,47,17,DA,68,BC,D1,82,61,R
10.053892,0316,8,31,F5,63,06,76,BD,7F,2A,R
10.054077,0329,8,92,C3,61,58,55,4F,B4,51,R
10.054295,0260,8,A9,E8,B0,B3,A8,9F,63,87,R
10.062439,0140,8,3C,9F,3B,80,70,56,70,61,R
10.071828,0140,8,1E,2E,54,0B,1B,39,B4,5A,R
10.073802,0316,8,BC,94,5F,D8,D4,DF,B0,EE,R
10.074640,0260,8,57,B3,D1,E6,51,0B,8A,31,R
10.081707,0140,8,A4,B9,00,B1,E2,52,C9,3D,R
10.092537,0140,8,5E,5B,35,14,A9,78,CA,EE,R
10.093766,0316,8,2E,8C,3D,47,71,2B,04,7B,R
10.093905,0260,8,97,70,2A,64,97,69,0F,7F,R
10.101946,0140,8,A0,4F,D2,34,51,BE,5F,65,R
10.104909,0329,8,5F,37,02,D7,C0,66,CD,83,R
10.111343,0140,8,30,33,0A,F8,D0,C0,D8,A6,R
10.113710,0260,8,14,E6,4D,66,3C,8C,AC,D1,R
10.113956,0316,8,EC,FE,DC,CC,6A,52,F9,C7,R
10.121820,0140,8,AC,F6,7F,62,B8,E0,08,17,R
10.130533,0430,8,B1,7C,AE,2A,B1,CD,9B,3E,R
10.132805,0140,8,FC,0D,1B,4F,67,76,86,50,R
10.133849,0260,8,3F,CB,B4,99,08,22,13,20,R
10.134238,0316,8,2A,78,62,8F,ED,66,59,D0,R
10.141952,0140,8,18,D4,A1,49,6E,42,80,A5,R
10.149406,0545,8,1D,B9,E5,AB,D8,7F,68,4B,R
10.152782,0140,8,37,B0,E3,EB,4E,DB,1A,2D,R
10.153735,0260,8,E5,0F,2E,04,E8,0F,B7,BA,R
10.154036,0316,8,F3,00,BF,37,02,72,F7,F8,R
10.155473,0329,8,2F,06,87,33,A6,8B,73,82,R
10.163033,0140,8,87,0D,94,82,84,F2,45,E9,R
10.173602,0140,8,F7,A9,06,6C,3C,B7,3C,CD,R
10.174040,0316,8,54,1C,43,58,78,0F,B5,DB,R
10.174080,0260,8,4F,86,1C,F9,D8,5B,6E,42,R
10.183071,0140,8,01,41,F4,75,E1,B6,2F,1B,R
10.193226,0260,8,65,DB,CE,28,96,F3,99,0A,R
10.193455,0316,8,B0,F2,ED,99,DA,9B,D7,A8,R
10.193899,0140,8,98,FE,9D,67,AB,79,E0,68,R
10.204498,0140,8,22,9D,86,4B,D4,08,B6,CD,R
10.205462,0329,8,63,D0,97,35,02,6F,D5,BB,R
10.213258,0260,8,D7,67,81,7C,48,5C,3E,90,R
10.213543,0140,8,C8,11,66,DA,B3,27,28,2D,R
10.214182,0316,8,61,62,AA,7B,F4,1E,65,64,R
10.223749,0140,8,AB,4A,36,7F,19,55,F1,49,R
10.229804,0430,8,C0,CF,8F,EB,D8,72,D5,18,R
10.232917,0140,8,47,84,C5,1F,C0,06,3F,7E,R
10.233724,0260,8,4A,99,6D,2B,26,A0,1C,2D,R
10.234739,0316,8,AF,3C,AD,76,69,67,1C,7F,R
10.243418,0140,8,F7,72,71,59,47,D6,D5,74,R
10.249881,0545,8,9E,AD,72,C8,D7,C7,15,E2,R
10.253482,0140,8,EA,C6,35,7E,96,27,A0,B5,R
10.254657,0260,8,20,24,0D,9E,AF,F4,8A,C5,R
10.255231,0316,8,65,D3,2C,8A,B6,09,91,4F,R
10.255419,0329,8,15,02,47,43,0F,54,C5,C1,R
10.262537,0140,8,A4,C8,29,D1,6F,CB,E5,38,R
10.272904,0140,8,E4,F3,E4,09,C3,9C,0B,70,R
10.275561,0260,8,0A,07,54,0E,7E,CE,5C,B2,R
10.275799,0316,8,34,E6,BF,69,60,03,3A,F0,R
10.282448,0140,8,DC,3F,8A,01,98,D6,F1,F2,R
10.293198,0140,8,4A,41,FD,24,10,A1,10,65,R
10.295151,0316,8,5A,87,95,17,1D,FA,82,6F,R
10.295752,0260,8,EF,96,6D,16,5A,8A,71,C4,R
10.303055,0140,8,0C,E5,E7,7D,A1,36,C7,CD,R
10.306222,0329,8,F7,F5,08,0B,67,38,4D,FA,R
10.312194,0140,8,B4,FE,38,18,C4,29,79,85,R
10.314427,0316,8,58,4D,71,8A,A3,FE,10,2B,R
10.315101,0260,8,AD,12,AF,D5,AB,5F,CC,43,R
10.321664,0140,8,25,38,EF,CB,14,2E,62,41,R
10.330794,0430,8,8D,A8,2E,61,5E,E7,FC,2D,R
10.332054,0140,8,F0,9F,56,A0,F6,98,19,FA,R
10.334070,0316,8,27,24,D0,D2,3A,5F,BE,FA,R
10.334377,0260,8,06,A0,BA,78,A4,76,C2,34,R
10.341312,0140,8,DD,C4,F2,07,53,E6,32,17,R
10.349756,0545,8,50,62,4F,9E,05,D0,09,7C,R
10.350906,0140,8,08,AE,2D,56,E5,32,4E,3D,R
10.354545,0260,8,82,6C,75,83,51,F3,F5,FA,R
10.354660,0316,8,B8,BE,60,CE,C5,65,2B,01,R
10.356100,0329,8,AF,EB,4C,71,CF,1D,B9,41,R
10.360726,0140,8,D4,A6,9A,99,0C,AB,8B,9E,R
10.370383,0140,8,95,FD,A6,8A,AB,05,BC,CE,R
10.374344,0316,8,D1,F2,7D,20,45,5B,61,79,R
10.374654,0260,8,85,23,19,DC,03,AE,7B,FF,R
10.381156,0140,8,2B,AE,3A,D7,45,57,FF,F2,R
10.391782,0140,8,BD,37,AF,3E,43,AB,4F,B5,R
10.393938,0316,8,12,5A,EF,A7,82,DA,20,93,R
10.394981,0260,8,99,F7,A6,94,06,30,98,A8,R
10.402168,0140,8,03,F7,2D,88,FE,77,B3,A6,R
10.406235,0329,8,60,17,E7,78,23,5B,4B,71,R
10.412481,0140,8,B8,6A,10,7F,31,D1,FF,3F,R
10.414658,0316,8,DE,B6,CC,F8,E2,3A,68,1A,R
10.414994,0260,8,06,AF,11,30,B8,E5,BB,DF,R
10.422218,0140,8,7D,28,63,50,D9,B2,F8,DC,R
10.431338,0140,8,63,3F,99,B3,2A,7A,DF,D6,R
10.431404,0430,8,D4,8A,BF,18,82,CA,B2,D6,R
10.433922,0316,8,4B,8F,C8,F3,3C,56,B9,3B,R
10.434823,0260,8,4D,60,04,3F,CB,A7,A3,9A,R
10.441240,0140,8,DF,D8,82,5C,B5,F4,69,CC,R
10.450599,0545,8,13,79,AC,BF,ED,C0,68,2E,R
10.452050,0140,8,55,0B,F6,E8,28,BD,45,F6,R
10.453245,0316,8,76,71,26,C3,7B,C1,2E,D3,R
10.454355,0260,8,A3,1C,6D,0A,F7,15,F2,5E,R
10.455622,0329,8,71,0B,88,70,8E,5B,19,98,R
10.462908,0140,8,F7,70,2A,EF,BD,B2,B3,C8,R
10.473375,0260,8,93,41,08,31,5F,78,56,7E,R
10.473625,0316,8,D7,81,48,65,39,6A,15,0D,R
10.473738,0140,8,77,E4,96,B3,D3,49,2E,82,R
10.482864,0140,8,0A,08,20,14,92,29,75,4B,R
10.492667,0260,8,58,08,82,0C,41,A6,CD,0C,R
10.492884,0140,8,B1,FA,93,78,16,B7,52,D4,R
10.493701,0316,8,8F,37,CA,55,49,C4,1F,B2,R
10.503006,0140,8,06,3D,09,1F,40,5F,A3,BA,R
10.505307,0329,8,1F,AC,46,97,19,45,A6,A9,R
10.512287,0260,8,3C,F6,3C,D6,DE,59,14,AA,R
10.513342,0140,8,05,51,1F,E9,D5,69,5E,A5,R
10.513471,0316,8,D8,2E,5F,79,32,32,F6,C9,R
10.523902,0140,8,B2,02,0D,AB,68,5C,ED,46,R
10.531766,0430,8,DB,9E,29,40,73,B1,FA,09,R
10.533081,0260,8,FE,DC,A6,43,A4,98,8F,C3,R
10.533986,0140,8,DD,06,C6,F8,35,3D,95,AA,R
10.534301,0316,8,A0,34,39,6D,45,02,97,BE,R
10.543601,0140,8,55,0D,35,66,EA,9A,C6,F9,R
10.549842,0545,8,B0,74,43,B2,05,BB,EE,48,R
10.553338,0140,8,D4,C5,A3,65,BA,15,E3,F1,R
10.554007,0260,8,52,BE,FE,33,7A,3A,2C,03,R
10.554837,0329,8,14,81,D3,88,F1,0D,5C,ED,R
10.555165,0316,8,C2,74,75,B9,58,9D,CC,60,R
10.563616,0140,8,68,B9,ED,F1,18,36,50,14,R
10.573311,0260,8,8D,F1,1B,AB,DC,0A,B9,AF,R
10.574573,0140,8,B4,B3,B0,F4,CA,B6,82,89,R
10.574825,0316,8,52,1C,C1,12,F6,F9,14,2D,R
10.583879,0140,8,8F,1E,D7,35,3A,79,A3,29,R
10.594065,0260,8,D1,03,E5,9F,60,53,BC,C6,R
10.594804,0140,8,DB,62,F4,3D,A4,06,39,7F,R
10.595173,0316,8,80,56,A6,67,B2,4B,F4,F6,R
10.604289,0140,8,FD,31,38,D6,2F,BF,C5,C0,R
10.605310,0329,8,BC,99,94,3C,2C,07,52,42,R
10.613458,0140,8,7C,D9,87,71,EC,3B,BF,40,R
10.614786,0260,8,60,B8,80,65,05,58,F7,D6,R
10.615345,0316,8,9F,AC,D2,22,EB,AF,EC,CA,R
10.623128,0140,8,1D,8E,13,47,BC,B9,43,5A,R
10.632648,0430,8,99,52,25,56,F8,2B,BC,41,R
10.632936,0140,8,0E,DB,A6,F5,FB,57,F6,44,R
10.635057,0260,8,7C,7F,5E,A2,9E,0A,E2,63,R
10.635826,0316,8,01,D2,49,0C,09,3B,9E,49,R
10.643822,0140,8,E1,0A,FC,88,1B,67,0E,7F,R
10.650818,0545,8,05,57,2F,FC,7B,86,38,D9,R
10.653704,0140,8,D7,FA,87,87,43,CA,F6,6C,R
10.655765,0329,8,98,9A,93,1D,5E,21,38,D4,R
10.655981,0260,8,72,F8,CE,50,6D,71,99,91,R
10.656245,0316,8,60,47,5E,BE,0C,CD,31,2C,R
10.664660,0140,8,F4,8F,AE,F5,E3,E5,1F,BC,R
10.675150,0140,8,5B,13,37,52,F4,F3,CA,E1,R
10.675339,0260,8,87,20,31,4F,FD,6C,7C,48,R
10.675431,0316,8,E0,68,C1,F7,BB,C2,1E,D4,R
10.685999,0140,8,E1,6F,34,75,16,B1,3B,FC,R
10.694514,0316,8,6E,5A,92,CB,12,BA,79,B0,R
10.694999,0260,8,2D,BA,3E,63,23,8B,B5,11,R
10.696237,0140,8,EB,B7,F7,22,90,43,D7,9C,R
10.705619,0140,8,88,08,B1,2C,CC,C9,32,CB,R
10.705879,0329,8,E6,1D,BF,35,AB,A1,F2,CE,R
10.714480,0316,8,2D,70,3A,04,58,4F,B3,7A,R
10.715656,0140,8,31,BC,46,D5,4C,28,85,09,R
10.715690,0260,8,D3,D1,01,4D,11,B4,88,76,R
10.724667,0140,8,2F,8D,24,3F,B7,93,E6,72,R
10.733226,0430,8,5E,B0,A3,1B,65,8E,CB,B7,R
10.733491,0316,8,07,06,70,6E,28,40,15,98,R
10.735438,0140,8,AC,52,0E,59,FD,28,9C,8F,R
10.735800,0260,8,AA,35,24,C5,2B,0B,39,AF,R
10.744751,0140,8,19,5B,B3,64,B8,E9,D3,7F,R
10.750989,0545,8,7E,86,1F,B4,34,70,EF,22,R
10.753290,0316,8,96,B8,25,7E,AE,4F,7E,29,R
10.753859,0140,8,A0,A0,E0,0F,84,D5,7C,82,R
10.755046,0329,8,66,99,13,E8,F4,37,5E,42,R
10.756051,0260,8,4E,7B,66,C6,B1,F9,59,78,R
10.764074,0140,8,58,74,2C,83,AB,F3,AE,F4,R
10.773565,0316,8,11,F5,04,A8,1C,CB,4A,85,R
10.774419,0140,8,1D,3A,7D,C5,EE,93,56,FF,R
10.776326,0260,8,A9,50,D7,53,CC,78,D7,0E,R
10.784883,0140,8,0C,ED,99,85,D9,51,32,25,R
10.793345,0316,8,FA,2C,98,D4,FB,92,FF,64,R
10.795847,0140,8,32,3D,41,7E,69,BD,77,1E,R
10.796510,0260,8,E1,1F,34,08,D7,40,5D,52,R
10.805314,0329,8,16,1E,65,49,1D,D2,7D,2C,R
10.806754,0140,8,CF,28,EC,9E,59,3C,9E,0C,R
10.812421,0316,8,72,FA,80,C5,20,3B,5E,F7,R
10.817088,0260,8,D4,6A,E8,46,77,37,33,AD,R
10.817402,0140,8,26,37,9E,55,C9,42,DC,95,R
10.827541,0140,8,DA,5F,1E,96,4B,BE,D7,6F,R
10.832636,0316,8,C6,48,3D,11,15,1B,AA,2C,R
10.832747,0430,8,24,21,E4,6A,85,3A,88,1D,R
10.836548,0140,8,93,0A,71,94,A2,EF,89,C3,R
10.837220,0260,8,79,DE,29,AC,18,B4,48,A1,R
10.847352,0140,8,35,59,9F,0E,5F,CD,E4,7B,R
10.850557,0545,8,57,04,CD,6C,33,C9,5B,AB,R
10.852259,0316,8,C4,A5,D5,A3,A8,64,0D,DE,R
10.855233,0329,8,F0,10,57,37,2C,AA,AA,E5,R
10.856856,0260,8,01,27,D7,FF,4F,F6,6E,CD,R
10.858045,0140,8,19,E1,34,B2,BA,6E,9C,2E,R
10.868958,0140,8,FF,2B,CC,41,21,9A,0F,A4,R
10.871756,0316,8,04,52,46,AA,A2,22,C9,AE,R
10.877015,0260,8,3F,9F,A4,A5,05,F8,2A,50,R
10.878425,0140,8,71,15,B6,DE,11,95,1B,2F,R
10.887426,0140,8,F6,2C,B4,FD,F2,5F,48,F8,R
10.891905,0316,8,83,ED,FB,C6,4B,C0,52,F6,R
10.897983,0260,8,F0,61,86,E6,79,FF,4B,1A,R
10.898372,0140,8,CE,27,B6,7B,AE,A4,C4,C8,R
10.905641,0329,8,71,EA,A2,33,D2,FD,EB,9B,R
10.908709,0140,8,C7,86,91,2F,21,AE,7B,52,R
10.912202,0316,8,41,4C,F6,25,B7,B4,9A,31,R
10.918419,0260,8,FF,F9,2A,2D,77,49,52,BF,R
10.919062,0140,8,D6,41,1A,F1,ED,B9,FE,60,R
10.928754,0140,8,C1,AA,6E,CA,C2,D7,3F,D9,R
10.931949,0430,8,4A,07,11,56,36,16,CD,03,R
10.932046,0316,8,F7,ED,47,E7,BD,59,47,D1,R
10.937878,0260,8,F8,D8,E0,61,B9,31,03,22,R
10.939507,0140,8,E7,4D,5B,C5,C6,9F,17,2B,R
10.949705,0140,8,DC,2F,56,1A,EB,71,F5,0F,R
10.949914,0545,8,33,62,4E,00,BC,58,E2,8C,R
10.952208,0316,8,15,3D,4B,C3,EF,F0,F0,EB,R
10.954749,0329,8,CA,92,DB,07,FA,C6,EE,7F,R
10.958695,0260,8,CD,35,41,42,BE,BF,47,AA,R
10.959298,0140,8,1B,9A,EA,EF,AD,25,7B,DA,R
10.969357,0140,8,FF,73,A1,53,14,0A,F1,30,R
10.972300,0316,8,2E,4A,E0,51,40,B4,9B,DB,R
10.978925,0140,8,7E,45,AB,61,DA,23,DA,7F,R
10.979066,0260,8,A1,06,1A,3C,31,94,87,A7,R
10.988179,0140,8,EA,9D,EC,2F,FC,B3,ED,5D,R
10.991458,0316,8,9C,FE,FA,F6,E2,D1,DC,66,R
10.997203,0140,8,8F,1E,CF,59,8D,6B,30,EE,R
10.999572,0260,8,BA,34,9B,49,07,D3,C6,20,R
11.003945,0329,8,64,9A,A7,BE,82,41,AF,05,R
11.007292,0140,8,87,5C,58,21,71,1F,0D,0D,R
11.012191,0316,8,AC,79,72,2C,C1,A6,86,6C,R
11.016538,0140,8,6B,97,A1,7C,F6,98,AD,4D,R
11.019098,0260,8,5E,B2,38,18,99,D9,F9,8F,R
11.025957,0140,8,9C,A5,4A,D3,78,EA,21,B3,R
11.031107,0430,8,3B,E0,B2,09,82,95,23,A8,R
11.032972,0316,8,29,55,13,F8,18,94,45,3C,R
11.036507,0140,8,54,28,21,15,2B,73,A6,44,R
11.039540,0260,8,07,C8,FD,DE,C6,18,B1,75,R
11.046996,0140,8,80,6A,46,05,CE,28,DD,32,R
11.049049,0545,8,9F,7B,0A,3B,2A,67,39,90,R
11.053394,0329,8,0A,F7,06,5C,D5,B8,41,FA,R
11.053883,0316,8,89,63,D5,0E,D7,28,4B,B0,R
11.056254,0140,8,98,52,35,70,B3,5B,44,71,R
11.058785,0260,8,84,7B,87,B2,D2,27,1C,17,R
11.067250,0140,8,95,13,C1,68,6F,55,66,7B,R
11.073376,0316,8,54,DD,4E,D3,31,FC,FF,7C,R
11.076896,0140,8,2D,92,FD,EB,3D,ED,2E,DA,R
11.079209,0260,8,4A,71,AA,8D,34,56,28,5E,R
11.087189,0140,8,68,76,86,09,AC,4A,5E,44,R
11.093548,0316,8,D1,25,4C,F5,03,10,0A,C2,R
11.097316,0140,8,57,E5,E1,54,9E,24,FE,06,R
11.100100,0260,8,B9,91,A7,2E,FA,10,4C,AB,R
11.103434,0329,8,E9,5F,C4,FC,A7,CA,2C,DD,R
11.106479,0140,8,B7,E5,DB,FD,90,5C,06,15,R
11.113939,0316,8,5D,04,5D,D3,DB,2A,24,9A,R
11.116637,0140,8,9E,3D,D3,97,7D,6B,58,92,R
11.119225,0260,8,19,24,8B,F4,47,F3,06,E2,R
11.125706,0140,8,D2,38,01,D9,B6,B6,DA,0A,R
11.130503,0430,8,2A,32,9E,D4,62,E4,00,8F,R
11.134867,0316,8,14,61,1E,3A,FF,ED,B2,D0,R
11.135222,0140,8,08,25,CD,ED,35,61,EA,32,R
11.139595,0260,8,64,DA,E6,16,CF,A6,24,06,R
11.145504,0140,8,3A,31,DD,92,FB,3B,EB,12,R
11.148492,0545,8,5B,60,82,7A,36,75,F5,3D,R
11.152827,0329,8,3A,67,FB,15,88,DF,9B,4F,R
11.154307,0316,8,C1,67,A2,94,96,E6,E6,95,R
11.156312,0140,8,EE,AD,9A,C7,20,E3,EE,CF,R
11.160388,0260,8,9E,7D,FD,57,5A,5D,15,A9,R
11.165396,0140,8,76,96,A4,96,59,2F,8A,00,R
11.174247,0316,8,98,1A,F0,49,F9,29,AB,16,R
11.175162,0140,8,76,3C,89,96,67,76,05,E4,R
11.181209,0260,8,0F,85,C8,00,A3,FE,25,1F,R
11.185841,0140,8,F6,9E,62,20,72,03,36,C1,R
11.194277,0316,8,EC,E2,23,36,19,17,DD,98,R
11.195093,0140,8,4C,7D,BE,96,D5,67,38,0E,R
11.201021,0260,8,84,CB,52,85,C3,47,AE,BA,R
11.203685,0329,8,41,50,0A,AE,13,6A,07,80,R
11.205626,0140,8,51,5F,F2,AD,09,9F,1D,0D,R
11.214145,0316,8,FE,C9,5B,46,BF,4C,C6,CE,R
11.214933,0140,8,E7,92,71,C8,B5,1D,A6,B1,R
11.220109,0260,8,9C,80,9C,A4,CE,1A,45,9D,R
11.224907,0140,8,9A,8C,29,53,F8,84,94,E6,R
11.230130,0430,8,80,7E,13,91,97,2C,36,3A,R
11.234775,0316,8,86,08,92,AB,18,FB,E3,D4,R
11.235759,0140,8,42,F6,AF,B2,42,5E,F6,D3,R
11.239417,0260,8,5B,CB,F9,F4,2C,54,52,FD,R
11.246156,0140,8,5B,EF,DB,60,D8,8E,A4,D2,R
11.247658,0545,8,F0,F6,4E,BA,19,D9,D8,2D,R
11.254606,0329,8,A1,67,28,70,10,10,18,C2,R
11.255619,0316,8,64,7C,6F,EA,E4,DC,6F,57,R
11.255997,0140,8,79,09,85,6B,3E,6B,90,4D,R
11.260273,0260,8,60,2C,5E,F9,58,0B,85,49,R
11.265880,0140,8,95,F9,D4,83,B9,0E,88,B6,R
11.275147,0140,8,A1,F0,8D,A9,2E,38,20,3F,R
11.275258,0316,8,C3,3E,80,36,E1,BA,EB,29,R
11.279698,0260,8,6D,6E,F9,9B,CB,3B,41,38,R
11.285507,0140,8,33,E5,C0,F1,2D,ED,50,91,R
11.295854,0316,8,E3,9D,AE,5C,CF,9B,4D,F7,R
11.296023,0140,8,61,EE,51,D9,DB,9E,BD,2E,R
11.298873,0260,8,59,21,2D,8F,79,FA,C9,39,R
11.303974,0329,8,04,AC,1B,B8,D4,86,FD,8D,R
11.306166,0140,8,8E,74,81,94,0F,7B,71,3E,R
11.315919,0316,8,F3,2D,67,9D,EF,B7,F9,0A,R
11.317005,0140,8,DC,60,50,0C,4D,6A,69,66,R
11.319819,0260,8,3A,6F,73,98,B0,59,F8,05,R
11.326670,0140,8,97,8F,17,8E,61,0A,68,AA,R
11.330722,0430,8,1F,66,AB,C3,C5,7B,E2,92,R
11.335070,0316,8,6E,06,E8,2B,C7,BF,8A,AB,R
11.337254,0140,8,E4,0B,81,F3,08,65,3D,28,R
11.339544,0260,8,0C,3E,92,D3,F6,F9,9A,09,R
11.346974,0140,8,A6,4C,8B,45,94,DF,46,1A,R
11.347983,0545,8,3F,CA,F5,43,28,DC,EE,86,R
11.353980,0329,8,BC,B8,32,B3,3E,61,EA,87,R
11.354501,0316,8,A2,94,A9,CD,B3,3D,53,81,R
11.357546,0140,8,E2,01,D8,89,6D,4B,B6,6D,R
11.359180,0260,8,2C,AA,8E,ED,77,A7,E9,BD,R
11.367284,0140,8,3C,FA,DE,81,55,9A,CE,70,R
11.374325,0316,8,9D,99,9F,80,D9,D5,22,D0,R
11.378194,0140,8,CB,68,CA,3D,87,32,3F,FA,R
11.380163,0260,8,14,96,AB,5F,32,25,76,93,R
11.388685,0140,8,D1,D4,39,20,EC,75,D6,37,R
11.394310,0316,8,38,1B,41,61,5E,1F,9B,05,R
11.398754,0140,8,7D,25,83,89,69,DA,89,85,R
11.400692,0260,8,7A,DD,00,CB,03,F4,FD,79,R
11.403780,0329,8,A3,01,AE,DC,70,EB,AD,44,R
11.409641,0140,8,1D,D5,C0,23,A9,4D,50,15,R
11.414517,0316,8,07,FA,F3,A5,55,58,F9,12,R
11.420437,0140,8,5F,F8,17,C6,53,FD,43,B3,R
11.420935,0260,8,30,D4,E5,86,6C,D2,9B,77,R
11.430107,0430,8,01,A6,CB,71,47,43,FC,FA,R
11.431332,0140,8,21,FD,51,A7,47,7F,F3,51,R
11.434184,0316,8,A5,B9,E0,38,99,99,83,A4,R
11.441246,0260,8,D3,D3,86,C6,45,38,1D,92,R
11.441832,0140,8,7C,2A,6E,E8,58,4B,FE,CC,R
11.447203,0545,8,1C,9E,9A,24,01,31,42,8E,R
11.452132,0140,8,04,34,47,1A,6B,16,3B,A6,R
11.453492,0329,8,F8,AD,27,3D,0E,AC,12,57,R
11.453571,0316,8,4B,97,C9,A4,23,CF,94,EF,R
11.460520,0260,8,89,A8,8F,7D,21,0D,32,59,R
11.461962,0140,8,5F,74,26,71,57,52,55,12,R
11.471404,0140,8,7B,71,72,13,F1,8D,9C,CD,R
11.472977,0316,8,8D,98,AD,88,D9,45,0F,40,R
11.481306,0260,8,75,9F,3D,A2,38,6E,41,60,R
11.482235,0140,8,84,73,44,B7,75,10,C4,15,R
11.491932,0140,8,7D,1A,85,C3,F9,60,3C,01,R
11.493093,0316,8,79,37,97,C5,6F,26,62,4C,R
11.501638,0260,8,1B,51,A4,72,D1,97,8F,50,R
11.502405,0140,8,1C,34,B4,92,51,8B,B0,D9,R
11.503257,0329,8,6A,15,47,15,1E,6C,AB,68,R
11.512805,0140,8,EE,AC,C3,79,69,08,F8,18,R
11.513800,0316,8,B2,77,9E,82,30,EA,40,E3,R
11.520855,0260,8,3F,E8,26,43,B6,AF,40,42,R
11.522013,0140,8,48,27,3A,67,22,21,F2,43,R
11.529836,0430,8,72,2C,09,43,A1,99,3C,AB,R
11.532948,0140,8,18,D3,F5,01,0E,C3,A3,9F,R
11.534283,0316,8,F3,DD,80,2E,CC,00,3A,FF,R
11.540950,0260,8,DC,7B,E9,91,A1,15,65,05,R
11.542043,0140,8,99,3D,BA,07,2D,B8,00,08,R
11.546448,0545,8,57,2D,30,96,5C,69,A1,AF,R
11.551131,0140,8,07,21,F0,CF,32,55,69,69,R
11.552905,0329,8,A8,21,8E,DC,18,48,0D,C5,R
11.553656,0316,8,0D,9C,4C,3B,7A,E1,5F,DC,R
11.560488,0140,8,FE,A6,F1,05,00,08,CC,18,R
11.561445,0260,8,66,45,1E,07,38,A7,05,6F,R
11.570405,0140,8,D5,74,91,2C,E7,57,A1,3E,R
11.574640,0316,8,96,D7,11,AD,70,17,5A,6E,R
11.580535,0140,8,B0,AF,DD,80,D5,94,ED,69,R
11.580941,0260,8,92,E3,53,B9,4B,25,2F,8B,R
11.590069,0140,8,A0,0A,2A,BC,F2,B7,6C,30,R
11.594004,0316,8,76,D2,61,EB,B1,F4,E6,85,R
11.600352,0140,8,20,4A,7D,C7,0D,5E,9C,A4,R
11.601516,0260,8,55,A3,CF,CF,E8,1A,17,C0,R
11.603230,0329,8,93,33,7F,F4,87,96,58,4B,R
11.610582,0140,8,AA,83,F8,63,C2,F9,0A,8E,R
11.614352,0316,8,64,43,F1,AB,C2,CB,A5,40,R
11.620814,0140,8,9D,A8,64,3A,C1,56,C2,46,R
11.621848,0260,8,C1,2C,3C,26,5B,D4,4D,BD,R
11.630704,0140,8,29,31,7F,89,33,9E,C7,B7,R
11.630803,0430,8,06,D2,9D,52,BC,8C,F2,27,R
11.634520,0316,8,C3,EC,9C,A0,1D,CB,43,A5,R
11.641064,0140,8,43,A8,43,3B,46,E6,15,D0,R
11.641410,0260,8,47,38,67,D7,DF,EA,5F,6B,R
11.645556,0545,8,29,DA,36,8D,96,F0,75,B5,R
11.651787,0140,8,36,9A,AD,EC,E2,C1,FC,7A,R
11.652865,0329,8,F7,F3,BF,0C,5C,67,DF,91,R
11.655091,0316,8,F3,E0,96,7B,F9,9F,40,F6,R
11.662035,0140,8,BF,A0,C2,AE,00,19,BE,F0,R
11.662336,0260,8,33,0F,A5,D2,5A,4B,21,7B,R
11.672092,0140,8,DF,5C,A5,37,D5,D8,23,83,R
11.674278,0316,8,09,EF,06,45,D2,59,EA,79,R
11.683077,0140,8,50,45,99,9B,EF,48,96,60,R
11.683208,0260,8,CF,3C,6A,15,04,22,90,B0,R
11.692232,0140,8,45,46,14,91,78,74,A9,02,R
11.693486,0316,8,A4,07,03,BF,81,4F,3A,87,R
11.702002,0140,8,97,1A,1A,77,A0,6F,F1,C4,R
11.702409,0260,8,92,24,8D,03,68,2E,C7,F9,R
11.703797,0329,8,37,41,BD,DD,49,B1,83,27,R
11.712604,0316,8,AA,78,14,C3,7A,C6,CE,11,R
11.712750,0140,8,D3,CB,21,A1,42,97,9A,9D,R
11.723222,0140,8,7D,F6,54,7E,AA,BF,31,DB,R
11.723274,0260,8,A6,1C,EE,FF,C6,13,ED,1F,R
11.730042,0430,8,B5,2C,C4,6E,C6,E7,F0,E1,R
11.732580,0140,8,EA,EC,FA,3E,C8,AC,F0,53,R
11.733089,0316,8,42,2E,1C,35,62,AA,64,95,R
11.743218,0140,8,9D,70,3A,D8,4E,13,CA,22,R
11.743862,0260,8,6E,B5,59,20,68,10,F8,26,R
11.746049,0545,8,D8,FB,CA,B9,69,F8,9E,AF,R
11.752185,0316,8,E1,D6,94,CD,65,65,7B,FF,R
11.753371,0140,8,E7,17,61,3F,73,9C,61,A9,R
11.754721,0329,8,82,49,8B,F2,59,1E,BB,7B,R
11.762870,0260,8,F8,D8,E7,D5,C0,9B,3E,42,R
11.763296,0140,8,20,DA,76,AC,57,13,1A,47,R
11.772738,0140,8,1E,A7,1D,9A,FA,D1,D9,2C,R
11.772819,0316,8,CE,7A,6A,4F,9C,42,0A,50,R
11.782124,0140,8,90,F5,84,45,2F,CE,0C,FA,R
11.783331,0260,8,93,3A,5D,3A,81,5A,35,6D,R
11.792139,0140,8,4E,F3,29,8E,48,63,E3,E1,R
11.792838,0316,8,54,64,AE,0C,AF,58,6D,57,R
11.802382,0140,8,D1,7B,69,2C,5E,2C,A0,90,R
11.804024,0260,8,B7,BD,C4,CA,F4,AF,EB,87,R
11.804950,0329,8,C2,F8,EB,90,DF,C3,0A,6D,R
11.812502,0316,8,54,8E,D6,64,B0,F5,E9,17,R
11.812597,0140,8,17,07,2E,D4,43,12,3C,5E,R
11.823284,0140,8,E6,26,EA,B5,06,D1,DD,76,R
11.824979,0260,8,75,86,CE,CE,F3,A2,3E,60,R
11.830063,0430,8,B3,66,A0,E2,94,91,16,59,R
11.832310,0316,8,57,9B,C6,82,03,DD,2C,E2,R
11.833679,0140,8,81,88,E0,7D,DE,EF,09,59,R
11.844260,0260,8,C8,21,68,8D,B1,AD,5D,DA,R
11.844663,0140,8,ED,8D,3D,D8,3C,22,0D,37,R
11.846136,0545,8,1E,A9,F5,AA,02,C1,E9,BB,R
11.852426,0316,8,69,A2,48,78,39,1D,A2,1E,R
11.854044,0329,8,88,DD,56,8F,B8,7E,9A,46,R
11.855296,0140,8,10,36,E3,79,FD,3E,1B,86,R
11.865241,0260,8,73,73,79,CB,4A,B6,7D,00,R
11.865264,0140,8,EC,F0,22,E3,B1,56,81,92,R
11.872165,0316,8,DA,BD,3C,AD,5E,23,E1,6F,R
11.875926,0140,8,7B,6F,58,E5,05,D3,BC,61,R
11.884930,0140,8,3C,77,29,5E,5F,EF,25,FF,R
11.885273,0260,8,9F,37,8A,5F,60,1B,8D,8C,R
11.892031,0316,8,0A,85,E4,42,D0,27,07,B6,R
11.895901,0140,8,FF,74,39,C9,06,68,D8,62,R
11.903148,0329,8,8E,CF,76,A0,A1,B9,21,B7,R
11.905092,0260,8,A2,B9,7A,50,1D,FD,3D,F3,R
11.905359,0140,8,BF,A6,97,E9,C4,E6,93,CC,R
11.911514,0316,8,2C,B4,5B,F1,57,5F,F9,41,R
11.915547,0140,8,68,29,EA,C9,70,8C,96,26,R
11.924930,0140,8,93,FD,BF,51,C0,05,66,66,R
11.925027,0260,8,8E,F5,11,92,87,38,63,AD,R
11.930184,0430,8,15,4B,32,6C,7E,B5,96,BC,R
11.931853,0316,8,E2,AF,91,65,55,F1,54,9E,R
11.935529,0140,8,E4,21,4A,55,39,07,50,80,R
11.944319,0260,8,C5,0E,3C,23,B2,D0,B3,49,R
11.946283,0545,8,6D,FC,23,20,94,79,88,12,R
11.946322,0140,8,6A,8A,F7,35,37,75,5D,CE,R
11.952459,0329,8,EA,7F,D1,D4,6F,E3,37,F3,R
11.952819,0316,8,11,52,1F,FC,68,66,C3,3D,R
11.956275,0140,8,EE,FB,67,67,D4,C3,D8,1D,R
11.964852,0260,8,C3,2E,F8,B3,25,DC,D9,F4,R
11.965844,0140,8,E3,B2,D6,32,02,DB,23,BF,R
11.973041,0316,8,A4,C6,59,0D,62,39,71,59,R
11.976016,0140,8,C2,9A,75,E3,F9,53,18,45,R
11.985154,0260,8,A8,44,D1,6E,E4,CE,99,DC,R
11.986937,0140,8,89,F1,D3,3F,95,56,B9,B7,R
11.993229,0316,8,9C,8D,A3,E2,8A,43,FA,0E,R
11.997228,0140,8,47,74,6A,8A,0D,49,B8,89,R
